title,posted_ago,length,views
40 Minute Lean Legs Superset WorkoutğŸ”¥Burn 395 Calories!* ğŸ”¥The CHANGE Challenge | Day 8,11 hours,2700,8825
20 Minute Sore Body Deep Stretch | The CHANGE Challenge | Day 7,1 day,1320,6683
30 Minute Sports Cardio Workout ğŸ”¥Burn 360 Calories!* ğŸ”¥The CHANGE Challenge | Day 6,2 days,2040,21364
40 Minute LEGS Workout! ğŸ”¥Burn 490 Calories!* ğŸ”¥The CHANGE Challenge | Day 5,3 days,2700,23036
40 Minute Upper Body and Cardio Finisher Workout ğŸ”¥Burn 350 Calories!* ğŸ”¥The CHANGE Challenge | Day 4,4 days,2580,23454
45 Minute Butt Builder Workout ğŸ”¥Burn 465 Calories!* ğŸ”¥The CHANGE Challenge | Day 3,5 days,3120,25691
30 Minute HIIT Cardio and Abs Challenge! ğŸ”¥Burn 345 Calories!* ğŸ”¥The CHANGE Challenge | Day 2,6 days,2100,37355
40 Minute FULL BODY HIIT Workout! ğŸ”¥Burn 450 Calories!* ğŸ”¥The CHANGE Challenge | Day 1,1 week,2700,52116
20 Minute Tight Hamstrings Stretch!,1 week,1440,9180
40 Minute Strength Cardio and Abs Workout ğŸ”¥Burn 410 Calories!* ğŸ”¥,1 week,2820,25972
30 Minute Low Impact HIIT Cardio Workout ğŸ”¥Burn 400 Calories!* ğŸ”¥Sydney Cummings,1 week,2160,51052
30 Minute Total Body Strength Circuit Workout! ğŸ”¥Burn 325 Calories!* ğŸ”¥Bonus Day 2 | RC90,1 week,2100,32433
30 Minute FULL BODY HIIT WORKOUT! ğŸ”¥Burn 400 Calories!* ğŸ”¥Sydney Cummings,1 week,2040,51832
45 Minute Cardio and Abs Workout ğŸ”¥Burn 525 Calories!* ğŸ”¥Bonus Day 2 | RC90,1 week,3000,26304
45 Minute Full Body HIIT Boot Camp Workout ğŸ”¥Burn 540 Calories!* ğŸ”¥Bonus Day 1 | RC90,2 weeks,2940,27855
20 Minute Slow Deep Stretch with Sydney Cummings Day 90 | RC90,2 weeks,1380,7870
45 Minute Full Body Sweat Workout ğŸ”¥Burn 500 Calories!* ğŸ”¥Day 89 | RC90,2 weeks,2940,26171
40 Minute Dumbbell Sculpt Workout ğŸ”¥Burn 355 Calories!* ğŸ”¥Day 88 | RC90,2 weeks,2520,20540
30 Minute Tabata Turn Up Workout ğŸ”¥Burn 387Calories!*ğŸ”¥ Day 87 | RC90,2 weeks,2100,22902
30 Minute 12 Days of FITmas Workout! ğŸ”¥Burn 350 Calories!* ğŸ”¥Day 86 | RC90Sydney Cummings,2 weeks,2040,30038
30 Minute HIIT Cardio and Abs Workout ğŸ”¥Burn 360 Calories!* ğŸ”¥Day 85 | RC90,2 weeks,1920,22325
30 Minute Full Body HIIT Bootcamp Workout ğŸ”¥Burn 350 Calories!* ğŸ”¥Day 84 | RC90,3 weeks,1980,26040
20 Minute Post Workout Total Body Stretch,3 weeks,1320,6762
30 Minute Full Body Sweat Workout ğŸ”¥Burn 400 Calories!* ğŸ”¥Day 82 | RC90,3 weeks,2100,30898
40 Minute Dumbbell Sculpt WorkoutğŸ”¥Burn 405 Calories!* ğŸ”¥ Day 81 | RC90,3 weeks,2640,26667
45 Minute Tabata Turn Up Workout! ğŸ”¥Burn 420 Calories!* ğŸ”¥Day 80 | RC90,3 weeks,3000,20749
30 Minute Strength and Conditioning Workout! ğŸ”¥Burn 335 Calories!* ğŸ”¥Day 79 | RC90,3 weeks,1980,24853
40 Minute Cardio and Abs Workout ğŸ”¥Burn 430 Calories!* ğŸ”¥ Day 78 | RC90,3 weeks,2580,23706
45 Minute Fat Burning HIIT Boot Camp Workout ğŸ”¥Burn 520 Calories!* ğŸ”¥Day 77 | RC90,4 weeks,2940,35115
20 Minute Full Body Mobility Stretch,4 weeks,1320,7261
30 Minute Full Body Fat Burning Sweat Workout ğŸ”¥Burn 350 Calories!* ğŸ”¥Sydney Cummings Day 75 | RC90,4 weeks,1980,29248
30 Minute Dumbbell Sculpt Workout ğŸ”¥Burn 305 Calories!* ğŸ”¥Day 74 | RC90,1 month,2040,29491
45 Minute Tabata Turn Up Workout! ğŸ”¥Burn 515 Calories!* ğŸ”¥Day 73 | RC90,1 month,2820,30321
40 Minute Strength and Conditioning Workout ğŸ”¥Burn 490 Calories! ğŸ”¥Day 72 | RC90,1 month,2640,28260
30 Minute HIIT Cardio and Abs Workout ğŸ”¥Burn 350 Calories!* ğŸ”¥Day 71 | RC90,1 month,1920,29833
45 Minute HIIT Bootcamp Workout! ğŸ”¥Burn 510 Calories!* ğŸ”¥Day 70 | RC90,1 month,2880,36168
20 Minute Stretch for Tight Hamstrings and Hips!,1 month,1320,7257
40 Minute Full Body Sweat Workout ğŸ”¥Burn 445 Calories!* ğŸ”¥Day 68 | RC90,1 month,2820,26658
45 Minute Dumbbell Sculpt Workout ğŸ”¥Burn 425 Calories!* ğŸ”¥Day 67 | RC90,1 month,2940,27098
30 Minute Tabata Turn Up Sports Style Workout! ğŸ”¥Burn 350 Calories!* ğŸ”¥ Sydney Cummings,1 month,1980,26152
45 Minute Full Body Strength and Conditioning Workout ğŸ”¥Burn 520 Calories!* ğŸ”¥Day 65 | RC90,1 month,2940,29478
30 Minute HIIT Cardio and Abs Workout NO EQUIPMENT NEEDED! ğŸ”¥Burn 390 Calories!* ğŸ”¥ Day 64 | RC90,1 month,2220,31823
40 Minute Fat Burning HIIT Bootcamp ğŸ”¥Burn 500 Calories!* ğŸ”¥  Day 63 | RC90,1 month,2700,34185
20 Minute Post Travel Deep Stretch Day 62 | RC90,1 month,1380,6257
40 Minute Power Pilates and Cardio Workout ğŸ”¥Burn 500 Calories!* ğŸ”¥ Day 61 | RC90,1 month,2760,22372
50 Minute HIIT Full Body Boot Camp Workout ğŸ”¥Burn 555 Calories!* ğŸ”¥ Day 60 | RC90,1 month,3240,31579
"30 Minute Arms, Abs, and Cardio Workout ğŸ”¥Burn 380 Calories!* ğŸ”¥ Day 59 | RC90",1 month,1980,29657
50 Minute Full Body HIIT Strong Workout ğŸ”¥Burn 540 Calories!* ğŸ”¥ Day 58 | RC90,1 month,3240,24751
40 Minute HIIT Legs and Abs Workout ğŸ”¥Burn 445 Calories!* ğŸ”¥Day 57 | RC90,1 month,2700,25026
60 Minute Full Body HIIT Strong Workout! ğŸ”¥Burn 645 Calories!* ğŸ”¥ Day 56 | RC90,1 month,3840,29191
20 Minute Stretch for Low Back and Hip Tightness Day 55 | RC90,1 month,1380,8034
50 Minute Power Pilates and Cardio Workout ğŸ”¥Burn 510 Calories!* ğŸ”¥Day 54 | RC90,1 month,3180,21360
30 Minute Full Body Bootcamp Workout ğŸ”¥Burn 350 Calories!* ğŸ”¥ Day 53 | RC90,1 month,1980,33589
40 Minute Arms and Abs Circuit Workout ğŸ”¥Burn 415 Calories!* ğŸ”¥Day 52 | RC90,1 month,2700,22872
60 Minute Full Body HIIT Strong Workout ğŸ”¥Burn 575 Calories!* ğŸ”¥ RC90 | Day 51,1 month,3780,24441
30 Minute HIIT Legs and Abs Workout ğŸ”¥Burn 340 Calories! ğŸ”¥ Day 50/90,1 month,2040,36797
50 Minute Full Body HIIT Workout ğŸ”¥Burn 560 Calories!* ğŸ”¥ Day 49/90,1 month,3300,27479
20 Minute Stretch for Tight Neck and Back! Day 48/90,1 month,1320,8308
50 Minute Power Pilates and Cardio Workout ğŸ”¥Burn 465 Calories!* ğŸ”¥ Day 47,1 month,3180,21954
30 Minute Full Body HIIT Bootcamp Workout NO EQUIPMENT NEEDED! ğŸ”¥Burn 360 Calories!* ğŸ”¥ RC90 Day 46,1 month,2100,44354
40 Minute Arms and Abs Circuit Workout ğŸ”¥Burn 400 Calories!* ğŸ”¥,1 month,2640,25348
50 Minute Full Body HIIT Strong Workout ğŸ”¥Burn 515 Calories!* ğŸ”¥,2 months,3240,28534
30 Minute HIIT Legs and Abs Workout ğŸ”¥Burn 370 Calories!* ğŸ”¥,2 months,1980,30323
40 Minute Full Body HIIT Workout ğŸ”¥Burn 530 Calories!* ğŸ”¥Sydney Cummings,2 months,2640,43483
20 Minute Stretch Tight Hips and Low Back | Sydney Cummings,2 months,1320,10079
40 Minute Power Pilates and Cardio Workout ğŸ”¥Burn 355 Calories!* ğŸ”¥Sydney Cummings,2 months,2640,20336
50 Minute Full Body Bootcamp Workout ğŸ”¥Burn 625 Calories!* ğŸ”¥Sydney Cummings,2 months,3240,36990
30 Minute Arms and Abs Circuit Workout ğŸ”¥Burn 320 Calories!* ğŸ”¥ Sydney Cummings,2 months,1980,30455
40 Minute Full Body HIIT Strong Workout ğŸ”¥Burn 410 Calories!* ğŸ”¥Sydney Cummings,2 months,2640,29073
50 Minute HIIT Legs and Abs Workout! ğŸ”¥Burn 545 Calories!* ğŸ”¥Sydney Cummings,2 months,3300,27381
30 Minute Fat Burning HIIT Workout ğŸ”¥Burn 380 Calories!* ğŸ”¥Sydney Cummings,2 months,2040,49329
20 Minute Full Body Deep Stretch | Sydney Cummings,2 months,1320,9707
40 Minute Power Pilates and Cardio Workout ğŸ”¥Burn 425 Calories!* ğŸ”¥Sydney Cummings,2 months,2640,32175
40 Minute FULL BODY BOOT CAMP WorkoutğŸ”¥Burn 460 Calories!* ğŸ”¥Sydney Cummings,2 months,2640,35185
40 Minute Cardio and Abs Tabata Turn Up Workout ğŸ”¥Burn 475 Calories!* ğŸ”¥Sydney Cummings,2 months,2580,30298
30 Minute Upper Body Tone and Shred Workout ğŸ”¥Burn 295 Calories!* ğŸ”¥Sydney Cummings,2 months,2040,26929
40 Minute Fat Burning Cardio with Abs Workout ğŸ”¥Burn 470 Calories!* ğŸ”¥Sydney Cummings,2 months,2700,28632
30 Minute Full Body HIIT Workout ğŸ”¥Burn 350 Calories!* ğŸ”¥Sydney Cummings,2 months,2100,31793
Full Body Deep Stretch Yoga Flow with Yoga Teacher Heather Barb!,2 months,1500,9879
30 Minute Full Body Strength and Conditioning Workout ğŸ”¥Burn 370 Calories!* ğŸ”¥Sydney Cummings,2 months,2040,27949
40 Minute Butt and Thighs Bootcamp Workout ğŸ”¥Burn 415 Calories!* ğŸ”¥Sydney Cummings,2 months,2760,28100
30 Minute Cardio and Abs Tabata Turn Up Workout ğŸ”¥Burn 395 Calories!* ğŸ”¥Sydney Cummings,2 months,2040,35391
40 Minute Tone and Shred Workout ğŸ”¥Burn 385 Calories!* ğŸ”¥Sydney Cummings,2 months,2640,28264
30 Minute Fat Burning Cardio and Abs Workout ğŸ”¥Burn 385 Calories!* ğŸ”¥Sydney Cummings,2 months,2040,32808
40 Minute Full Body HIIT Workout ğŸ”¥Burn 500 Calories!* ğŸ”¥Sydney Cummings,2 months,2700,45586
Full Body Yoga Flow with Heart and Hip Openers with guest Sydney Duarte!,2 months,3600,10087
40 Minute Strength and Conditioning Workout ğŸ”¥Burn 505 Calories!* ğŸ”¥Sydney Cummings,2 months,2640,29289
30 Minute Butt and Thighs Bootcamp Workout ğŸ”¥Burn 360 Calories!* ğŸ”¥Sydney Cummings,2 months,2040,35293
40 Minute Cardio and Abs Tabata Turn Up Workout ğŸ”¥Burn 460 Calories!* ğŸ”¥Sydney Cummings,2 months,2700,31507
30 Minute Upper Body Tone and Shred Workout ğŸ”¥Burn 280 Calories!* ğŸ”¥Sydney Cummings,2 months,2040,29081
"YouTube 100K Silver Play Button Award Unboxing, YouTube Studios Q&amp;A, NYC Meet and Greet VLOG!",2 months,1620,8337
40 Minute Fat Burning Cardio with Abs Workout ğŸ”¥Burn 460 Calories!* ğŸ”¥Sydney Cummings,2 months,2580,28117
30 Minute Full Body HIIT Workout ğŸ”¥Burn 360 Calories! ğŸ”¥Sydney Cummings,2 months,2160,39568
30 Minute Full Body Vinyasa Flow Yoga with guest Yoga Teacher Heather Barb! | Sydney Cummings,3 months,2040,11911
30 Minute Strength and Conditioning Workout! ğŸ”¥Burn 375 Calories!* ğŸ”¥Sydney Cummings,3 months,2040,32596
40 Minute Butt and Thighs Boot Camp Workout ğŸ”¥Burn 450 Calories!* ğŸ”¥Sydney Cummings,3 months,2580,29733
30 Minute Cardio and Abs Tabata Turn Up Workout ğŸ”¥Burn 400 Calories!* ğŸ”¥Sydney Cummings,3 months,1920,38317
40 Minute Upper Body Tone and Shred Workout ğŸ”¥Burn 385 Calories!* ğŸ”¥Sydney Cummings,3 months,2640,31002
30 Minute Fat Burning Cardio and Abs Workout ğŸ”¥Burn 325 Calories!* ğŸ”¥Sydney Cummings,3 months,1980,31959
40 Minute FULL BODY HIIT Workout ğŸ”¥Burn 475 Calories!* ğŸ”¥ Sydney Cummings,3 months,2580,50187
20 Minute YOGA Hip Opener and Lower Back Stretch with Sydney Cummings and guest Sydney Duarte!,3 months,1380,16910
40 Minute Strength and Conditioning Workout ğŸ”¥Burn 490 Calories!* ğŸ”¥Sydney Cummings,3 months,2580,32170
30 Minute Butt and Thighs Boot Camp Workout ğŸ”¥Burn 390 Calories!* ğŸ”¥Sydney Cummings,3 months,2160,33928
40 Minute CARDIO AND ABS TABATA Workout!ğŸ”¥Burn 500 Calories!* ğŸ”¥ Sydney Cummings,3 months,2640,47911
30 Minute Upper Body Tone &amp; Shred Workout ğŸ”¥Burn 325 Calories!* ğŸ”¥Sydney Cummings,3 months,1980,39015
40 Minute FAT BURNING CARDIO AND ABS WORKOUT!ğŸ”¥Burn 480 Calories!* ğŸ”¥Sydney Cummings,3 months,2580,50276
10 Minute HIIT CARDIO WORKOUT! NO EQUIPMENT NEEDED! | Sydney Cummings,3 months,720,18763
30 Minute FULL BODY HIT STRENGTH WORKOUT! ğŸ”¥Burn 400 Calories!* ğŸ”¥Sydney Cummings,3 months,2040,35016
20 Minute Stretch for Stiff Joints | Sydney Cummings,3 months,1380,8719
30 Minute Upper Body and Abs Strength Workout ğŸ”¥Burn 300 Calories!* ğŸ”¥Sydney Cummings,3 months,1980,19912
50 Minute HIIT LEGS AND CARDIO WORKOUT ğŸ”¥Burn 500 Calories!* ğŸ”¥Sydney Cummings,3 months,3180,22212
10 Minute Arms Workout! | Sydney Cummings,3 months,720,14952
40 Minute Shoulders and Abs Workout ğŸ”¥Burn 450 Calories!* ğŸ”¥Sydney Cummings,3 months,2580,16002
40 Minute Glutes and Tabata Cardio Workout ğŸ”¥Burn 475 Calories!* ğŸ”¥Sydney Cummings,3 months,2700,39420
60 Minute Arms and Abs Workout ğŸ”¥Burn 625 Calories!* ğŸ”¥Sydney Cummings,3 months,3840,23062
30 Minute Full Body HIIT Strength Workout ğŸ”¥Burn 380 Calories!* ğŸ”¥Sydney Cummings,3 months,1980,32396
20 Minute Stretch for Sore Muscles | Sydney Cummings,3 months,1320,7804
10 Minute TABATA CARDIO TURN UP Workout! NO EQUIPMENT NEEDED! | Sydney Cummings,3 months,720,17382
40 Minute Upper Body Strength and Abs Workout! ğŸ”¥Burn 380 Calories!* ğŸ”¥Sydney Cummings,3 months,2580,21058
40 Minute HIIT Legs and Cardio Workout ğŸ”¥Burn 530 Calories!* ğŸ”¥Sydney Cummings,3 months,2700,27641
40 Minute Shoulders and Abs Burnout Workout ğŸ”¥Burn 350 Calories!* ğŸ”¥Sydney Cummings,3 months,2520,16661
60 Minute Glutes and Cardio Workout ğŸ”¥Burn 650 Calories!* ğŸ”¥Sydney Cummings,3 months,3720,26605
40 Minute Arms and Abs Workout ğŸ”¥Burn 475 Calories!* ğŸ”¥Sydney Cummings,3 months,2580,29444
10 Minute HIIT CARDIO WORKOUT! Sydney Cummings,3 months,720,20286
50 Minute FULL BODY HIIT Strength Workout ğŸ”¥Burn 615 Calories!* ğŸ”¥Sydney Cummings,3 months,3180,35088
20 Minute Deep Stretch for Tight Bodies | Sydney Cummings,3 months,1380,10990
60 Minute Upper Body and Abs Strength Workout ğŸ”¥Burn 550 Calories!* ğŸ”¥Sydney Cummings,3 months,3900,19543
30 Minute HIIT Legs and Cardio Workout! ğŸ”¥Burn 400 Calories!* ğŸ”¥Sydney Cummings,4 months,2160,30260
50 Minute Shoulders and Abs Workout ğŸ”¥Burn 510 Calories!* ğŸ”¥Sydney Cummings,4 months,3240,16972
10 Minute Legs and Glutes Burnout Workout! | Sydney Cummings,4 months,780,15426
50 Minute Tabata Cardio and Glutes Workout  ğŸ”¥Burn 610 Calories!* ğŸ”¥ Sydney Cummings,4 months,3240,32001
60 Minute Arms and Abs Workout! ğŸ”¥Burn 550 Calories!* ğŸ”¥Sydney Cummings,4 months,3840,19776
40 Minute Full Body HIIT Strength Workout ğŸ”¥Burn 550 Calories!* ğŸ”¥Sydney Cummings,4 months,2580,43557
20 Minute Full Body Flexibility Stretch on my 29th Birthday! | Sydney Cummings,4 months,1440,9821
10 Minute Abs Workout | Sydney Cummings,4 months,780,23514
50 Minute Upper Body and Abs Circuit Workout ğŸ”¥Burn 460 Calories!* ğŸ”¥ Sydney Cummings,4 months,3240,20066
30 Minute HIIT Legs and Cardio Workout ğŸ”¥Burn 415 Calories!* ğŸ”¥Sydney Cummings,4 months,1980,33792
40 Minute Shoulders and Abs Burnout Workout ğŸ”¥Burn 365 Calories!* ğŸ”¥Sydney Cummings,4 months,2640,20169
10 Minute Resistance Band BOOTY BURNOUT WORKOUT! | Sydney Cummings,4 months,780,22751
30 Minute Glutes and Tabata Cardio Workout ğŸ”¥Burn 415 Calories!* ğŸ”¥Sydney Cummings,4 months,2040,34265
40 Minute Arms &amp; Abs Workout ğŸ”¥Burn 360 Calories!* ğŸ”¥Sydney Cummings,4 months,2580,32482
50 Minute Full Body HIIT Strength Workout ğŸ”¥Burn 550 Calories!* ğŸ”¥Sydney Cummings,4 months,3240,34625
20 Minute Full Body Mobility Stretch | Sydney Cummings,4 months,1380,13498
40 Minute Full Body Burnout Bootcamp Workout ğŸ”¥Burn 425 Calories!* ğŸ”¥Sydney Cummings,4 months,2640,24139
30 Minute HIIT Full Body Bodyweight Workout with Abs ğŸ”¥Burn 350 Calories!* ğŸ”¥Sydney Cummings,4 months,1980,29258
60 Minute Upper Body and Cardio Workout ğŸ”¥Burn 670 Calories!* ğŸ”¥Sydney Cummings,4 months,3840,22221
40 Minute Lean Legs and Abs Workout ğŸ”¥Burn 460 Calories!* ğŸ”¥Sydney Cummings,4 months,2520,35754
50 Minute Fat Burning Cardio Workout ğŸ”¥Burn 560 Calories!* ğŸ”¥Sydney Cummings,4 months,3180,33523
40 Minute Strength and Conditioning Workout ğŸ”¥Burn 475 Calories!* ğŸ”¥ Sydney Cummings,4 months,2520,29250
20 Minute Back &amp; Glutes Deep Stretch | Sydney Cummings,4 months,1320,9092
60 Minute Full Body Burnout Bootcamp Workout! ğŸ”¥Burn 590 Calories!* ğŸ”¥Sydney Cummings,4 months,3840,26359
30 Minute HIIT Bodyweight Workout! ğŸ”¥Burn 350 Calories!* ğŸ”¥Sydney Cummings,4 months,1980,27091
50 Minute Upper Body Strength and Cardio Workout ğŸ”¥Burn 540 Calories!* ğŸ”¥Sydney Cummings,4 months,3300,21319
40 Minute Lean Legs and Abs Workout! ğŸ”¥Burn 440 Calories!* ğŸ”¥Sydney Cummings,4 months,2640,28221
40 Minute Fat Burning Cardio Workout ğŸ”¥Burn 500 Calories!* ğŸ”¥Sydney Cummings,4 months,2700,51751
50 Minute Strength and Conditioning Workout ğŸ”¥Burn 580 Calories!* ğŸ”¥Sydney Cummings,4 months,3180,27091
20 Minute Sore Body Stretch | Sydney Cummings,4 months,1380,8801
40 Minute Burnout Bootcamp Workout ğŸ”¥Burn 440 Calories!* ğŸ”¥Sydney Cummings,4 months,2580,28685
10 Minute BUTT AND THIGHS BURNOUT WORKOUT! Sydney Cummings,4 months,840,21514
50 Minute FULL BODY WORKOUT WITH ABS! No Equipment Needed! ğŸ”¥Burn 580 Calories!* ğŸ”¥ Sydney Cummings,4 months,3240,29069
30 Minute Upper Body Strength and Cardio Workout! ğŸ”¥Burn 350 Calories!* ğŸ”¥Sydney Cummings,4 months,2100,26275
60 Minute Lean Legs and Abs Workout ğŸ”¥Burn 670 Calories!* ğŸ”¥Sydney Cummings,4 months,3960,30208
30 Minute FAT BURNING CARDIO WORKOUT! ğŸ”¥Burn 380 Calories!* ğŸ”¥Sydney Cummings,5 months,2040,39092
50 Minute Strength &amp; Conditioning Workout ğŸ”¥Burn 580 Calories!* ğŸ”¥Sydney Cummings,5 months,3300,26116
20 Minute Resistance Band or Towel Deep Stretch | Sydney Cummings,5 months,1380,8216
40 Minute Full Body Burnout Bootcamp Workout ğŸ”¥Burn 395 Calories!* ğŸ”¥Sydney Cummings,5 months,2580,30518
60 Minute FULL BODY WORKOUT WITH ABS! No Equipment Needed! ğŸ”¥Burn 705 Calories!* ğŸ”¥Sydney Cummings,5 months,3900,42293
30 Minute Upper Body Strength and Cardio Workout ğŸ”¥Burn 340 Calories!* ğŸ”¥Sydney Cummings,5 months,2100,26979
50 Minute LEAN LEGS AND ABS WORKOUT! ğŸ”¥Burn 560 Calories!* ğŸ”¥ Sydney Cummings,5 months,3240,36154
30 Minute FAT BURNING CARDIO WORKOUT! ğŸ”¥Burn 430 Calories!* ğŸ”¥ Sydney Cummings,5 months,2040,64378
40 Minute Strength and Conditioning Workout ğŸ”¥Burn 510 Calories!* ğŸ”¥Sydney Cummings,5 months,2640,38986
20 Minute Rest Day Deep Stretch | Sydney Cummings,5 months,1320,10346
60 Minute FULL BODY BURNOUT BOOTCAMP Workout ğŸ”¥Burn 660 Calories!* ğŸ”¥Sydney Cummings,5 months,3900,38275
50 Minute Full Body Bodyweight Workout! ğŸ”¥Burn 560 Calories!*ğŸ”¥ Sydney Cummings,5 months,3240,35310
40 Minute Upper Body and Cardio Workout ğŸ”¥Burn 550 Calories!* ğŸ”¥Sydney Cummings,5 months,2640,48055
60 Minute Power Strength Workout ğŸ”¥Burn 680 Calories!* ğŸ”¥Sydney Cummings,5 months,3840,26938
40 Minute Cardio Speed and Agility HIIT Workout ğŸ”¥Burn 490 Calories!* ğŸ”¥Sydney Cummings,5 months,2640,31901
50 Minute Full Body Dumbbell HIIT Workout ğŸ”¥Burn 570 Calories! ğŸ”¥Sydney Cummings,5 months,3240,35644
20 Minute Full Body Stretch for Sore Muscles | Sydney Cummings,5 months,1320,8787
40 Minute Conditioning and Core Workout ğŸ”¥Burn 415 Calories!* ğŸ”¥Sydney Cummings,5 months,2640,24945
40 Minute Dumbbell Sculpt Workout ğŸ”¥Burn 400 Calories!* ğŸ”¥Sydney Cummings,5 months,2580,35316
50 Minute Power Plyometrics and Abs Workout ğŸ”¥Burn 540 Calories!* ğŸ”¥Sydney Cummings,5 months,3300,26876
40 Minute Power Strength Workout ğŸ”¥Burn 410 Calories!* ğŸ”¥Sydney Cummings,5 months,2580,30946
"30 Minute Cardio, Speed, and Agility Workout! NO EQUIPMENT! ğŸ”¥Burn 350 Calories!* ğŸ”¥Sydney Cummings",5 months,1980,38502
60 Minute Dumbbell HIIT Workout! ğŸ”¥Burn 645 Calories!* ğŸ”¥Sydney Cummings,5 months,3840,36500
20 Minute Deep Stretch | Sydney Cummings,5 months,1380,8714
30 Minute Core and Conditioning Workout ğŸ”¥Burn 310 Calories!* ğŸ”¥Sydney Cummings,5 months,1980,28184
40 Minute Full Body Dumbbell Sculpt Workout ğŸ”¥Burn 370 Calories!* ğŸ”¥Sydney Cummings,5 months,2520,30098
40 Minute Plyometric and Abs Workout ğŸ”¥Burn 400 Calories!* ğŸ”¥Sydney Cummings,5 months,2520,24547
50 Minute Power and Strength Workout ğŸ”¥Burn 450 Calories!* ğŸ”¥Sydney Cummings,5 months,3180,23137
60 Minute Cardio Speed and Agility Workout ğŸ”¥Burn 650 Calories!* ğŸ”¥Sydney Cummings,5 months,3780,38147
30 Minute Full Body Dumbbell HIIT Workout ğŸ”¥Burn 370 Calories!* ğŸ”¥Sydney Cummings,5 months,2100,56921
20 Minute Full Body Slow Stretch | Sydney Cummings,5 months,1380,8286
50 Minute HIIT Core and Cardio Workout ğŸ”¥Burn 480 Calories!* ğŸ”¥Sydney Cummings,6 months,3240,22685
30 Minute Full Body Dumbbell Sculpt Workout ğŸ”¥Burn 270 Calories!* ğŸ”¥Sydney Cummings,6 months,1920,28000
40 Minute Plyometric and Abs Workout ğŸ”¥Burn 410 Calories!* ğŸ”¥Sydney Cummings,6 months,2580,27266
60 Minute Power Strength Workout ğŸ”¥Burn 640 Calories!* ğŸ”¥Sydney Cummings,6 months,3780,32560
40 Minute Cardio Speed and Agility HIIT Workout ğŸ”¥Burn 460 Calories!* ğŸ”¥Sydney Cummings,6 months,2580,37508
50 Minute Full Body Dumbbell HIIT Workout ğŸ”¥Burn 590 Calories!* ğŸ”¥Sydney Cummings,6 months,3180,43416
20 Minute Recovery Day Stretch | Sydney Cummings,6 months,1440,7836
30 Minute HIIT Core and Conditioning Workout! ğŸ”¥Burn 315 Calories!* ğŸ”¥Sydney Cummings,6 months,1980,30709
30 Minute Full Body Dumbbell Sculpt Workout! ğŸ”¥Burn 305 Calories!* ğŸ”¥Sydney Cummings,6 months,1980,46012
30 Minute Plyometrics and Abs Workout ğŸ”¥Burn 400 Calories!* ğŸ”¥Sydney Cummings,6 months,1860,38760
40 Minute Power Strength Workout ğŸ”¥Burn 425 Calories!* ğŸ”¥Sydney Cummings,6 months,2580,29451
50 Minute Cardio Speed and Agility HIIT Workout ğŸ”¥Burn 670 Calories!* ğŸ”¥Sydney Cummings,6 months,3120,45505
40 Minute Full Body HIIT Workout with Dumbbells! ğŸ”¥Burn 540 Calories!* ğŸ”¥Sydney Cummings,6 months,2580,76794
30 Minute Full Body Deep Stretch | Sydney Cummings,6 months,1980,11446
30 Minute Full Body Dumbbell Sculpt Workout! ğŸ”¥Burn 350 Calories!* ğŸ”¥Sydney Cummings,6 months,1980,37569
50 Minute Full Body Dumbbell Strength Workout! ğŸ”¥Burn 515 Calories!* ğŸ”¥Sydney Cummings,6 months,3180,25975
30 Minute BODYWEIGHT CARDIO AND ABS TABATA WORKOUT! ğŸ”¥Burn 400 Calories!* ğŸ”¥Sydney Cummings,6 months,1980,43524
50 Minute Full Body Bootcamp Workout ğŸ”¥Burn 560 Calories!* ğŸ”¥Sydney Cummings,6 months,3120,30966
40 Minute Abs &amp; Cardio Shred Workout ğŸ”¥Burn 470 Calories!* ğŸ”¥Sydney Cummings,6 months,2640,32830
50 Minute Full Body Strength and Conditioning Workout! ğŸ”¥Burn 605 Calories!* ğŸ”¥Sydney Cummings,6 months,3180,30705
20 Minute Slow Stretch with Sydney Cummings!,6 months,1440,7944
30 Minute Dumbbell Sculpt Workout! ğŸ”¥Burn 325 Calories!* ğŸ”¥Sydney Cummings,6 months,1980,23135
40 Minute FULL BODY STRENGTH Workout! ğŸ”¥Burn 380 Calories!* ğŸ”¥Sydney Cummings,6 months,2580,23078
50 Minute Cardio and Abs TABATA TURN UP Workout! ğŸ”¥Burn 515 Calories!* ğŸ”¥Sydney Cummings,6 months,3240,24277
40 Minute Full Body Bootcamp Workout ğŸ”¥Burn 445 Calories!* ğŸ”¥Sydney Cummings,6 months,2520,32384
50 Minute Abs and Cardio Circuit Workout ğŸ”¥Burn 490 Calories!* ğŸ”¥Sydney Cummings,6 months,3180,23336
30 Minute FAT BURNING HIIT Strength and Conditioning Workout! ğŸ”¥Burn 350 Calories! ğŸ”¥Sydney Cummings,6 months,1980,39026
20 Minute Stretch for Tight Hips and Back with Sydney Cummings,6 months,1380,11016
50 Minute Dumbbell Tone and Sculpt Workout! ğŸ”¥Burn 510 Calories!* ğŸ”¥Sydney Cummings,6 months,3120,26230
30 Minute FULL BODY STRENGTH Workout! ğŸ”¥Burn 295 Calories!* ğŸ”¥Sydney Cummings,6 months,1980,26384
40 Minute Tabata Strength Workout ğŸ”¥Burn 520 Calories!* ğŸ”¥Sydney Cummings,7 months,2520,37469
30 Minute FULL BODY HOME GYM STRENGTH BOOTCAMP! ğŸ”¥Burn 400 Calories!* ğŸ”¥Sydney Cummings,7 months,1980,42187
40 Minute CARDIO AND ABS BODYWEIGHT WORKOUT! ğŸ”¥Burn 455 Calories!* ğŸ”¥Sydney Cummings,7 months,2520,41434
50 Minute Strength and Conditioning HIIT Workout! ğŸ”¥Burn 615 Calories! ğŸ”¥Sydney Cummings,7 months,3120,38388
20 Minute Head to Toe Full Body Stretch! | Sydney Cummings,7 months,1380,9824
40 Minute Dumbbell Power Sculpt Workout ğŸ”¥Burn 450 Calories! ğŸ”¥Sydney Cummings,7 months,2520,33725
50 Minute FULL BODY STRENGTH WORKOUT!ğŸ”¥Burn 505 Calories!*ğŸ”¥Sydney Cummings,7 months,3180,23124
30 Minute TABATA TURN UP Workout ğŸ”¥Burn 335 Calories!* ğŸ”¥Sydney Cummings,7 months,1980,31127
50 Minute Full Body HIIT Bootcamp Workout! ğŸ”¥Burn 500 Calories!* ğŸ”¥Sydney Cummings,7 months,3180,28581
30 Minute Cardio and Abs Shred ğŸ”¥Burn 320 Calories!* ğŸ”¥Sydney Cummings,7 months,1980,34056
40 Minute HIIT STRENGTH AND CONDITIONING Workout ğŸ”¥Burn 500 Calories!* ğŸ”¥Sydney Cummings,7 months,2640,47944
20 Minute FULL BODY STRETCH! | Sydney Cummings,7 months,1320,8493
30 Minute Dumbbell Sculpt Workout ğŸ”¥Burn 300 Calories!* ğŸ”¥Sydney Cummings,7 months,1920,33338
"50 Minute BOOTCAMP for  Back, Shoulders, Triceps, &amp; Cardio! ğŸ”¥Burn 570 Calories!* ğŸ”¥ Sydney Cummings",7 months,3240,23044
30 Minute Legs and Abs Blast Workout ğŸ”¥Burn 365 Calories!* ğŸ”¥Sydney Cummings,7 months,1920,28726
40 Minute Cardio Chest and Biceps Workout ğŸ”¥Burn 420 Calories!* ğŸ”¥Sydney Cummings,7 months,2580,19736
50 Minute HIIT Butt and Abs Workout ğŸ”¥Burn 540 Calories!* ğŸ”¥Sydney Cummings,7 months,3180,34065
60 Minute AT-HOME MURPH WORKOUT! ğŸ”¥Burn 700 Calories!* ğŸ”¥Sydney Cummings,7 months,3840,52596
20 Minute Full Body Stretch Flow | Sydney Cummings,7 months,1320,7672
40 Minute Bodyweight HIIT Workout! ğŸ”¥Burn 450 Calories!* ğŸ”¥Sydney Cummings,7 months,2520,45719
40 Minute Upper Body and Cardio Workout ğŸ”¥Burn 450 Calories!* ğŸ”¥Sydney Cummings,7 months,2580,24933
50 Minute HIIT Legs and Abs Workout ğŸ”¥Burn 550 Calories!* ğŸ”¥Sydney Cummings,7 months,3120,27573
"30 Minute Cardio, Chest, and Biceps Workout ğŸ”¥Burn 370 Calories!* ğŸ”¥Sydney Cummings",7 months,1980,21116
60 Minute Butt BURNOUT with Abs Workout ğŸ”¥Burn 585 Calories!* ğŸ”¥Sydney Cummings,7 months,3840,37351
40 Minute HIIT FULL BODY STRENGTH AND CONDITIONING WORKOUT! ğŸ”¥Burn 485 Calories!* ğŸ”¥Sydney Cummings,7 months,2580,41169
20 Minute Stretch for Sore Arms and Legs | Sydney Cummings,7 months,1320,7230
60 Minute Bodyweight Bootcamp with Abs Workout ğŸ”¥Burn 585 Calories!* ğŸ”¥Sydney Cummings,7 months,3720,28400
"30 Minute Back, Triceps, Shoulders, and Cardio Workout ğŸ”¥Burn 360 Calories!* ğŸ”¥Sydney Cummings",7 months,2040,27090
40 Minute Lean Legs and Flat Abs Workout ğŸ”¥Burn 480 Calories!* ğŸ”¥Sydney Cummings,7 months,2460,42276
50 Minute HIIT Cardio Chest and Biceps Workout ğŸ”¥Burn 550 Calories! ğŸ”¥Sydney Cummings,7 months,3240,20913
40 Minute Butt and Abs Bootcamp Workout ğŸ”¥Burn 390 Calories!* ğŸ”¥Sydney Cummings,7 months,2580,29547
30 Minute HIIT CARDIO WORKOUT WITH ABS AND 100K SUBSCRIBERS CELEBRATION SWEAT with Sydney Cummings!,8 months,2100,125215
20 Minute Resistance Band Stretch | Sydney Cummings,8 months,1380,7122
40 Minute HIIT BODYWEIGHT WORKOUT WITH ABS! ğŸ”¥Burn 395 Calories!* ğŸ”¥Sydney Cummings,8 months,2520,27551
"50 Minute Shoulders, Back, Triceps, and Cardio Workout ğŸ”¥Burn 500 Calories!* ğŸ”¥Sydney Cummings",8 months,3240,22129
40 Minute HIIT Legs and Abs Workout ğŸ”¥Burn 435 Calories!* ğŸ”¥Sydney Cummings,8 months,2580,26408
40 Minute Upper Body Sweat Workout ğŸ”¥Burn 465 Calories!* ğŸ”¥Sydney Cummings,8 months,2580,31007
30 Minute BUTT AND ABS BLAST WORKOUT! ğŸ”¥Burn 360 Calories!* ğŸ”¥Sydney Cummings,8 months,1920,39687
50 Minute FULL BODY DUMBBELL WORKOUT! ğŸ”¥Burn 545 Calories!* ğŸ”¥Sydney Cummings,8 months,3120,41566
20 Minute Stretch for Mobility | Sydney Cummings,8 months,1380,8235
50 Minute Bodyweight Burnout with Abs Workout ğŸ”¥Burn 550 Calories!* ğŸ”¥Sydney Cummings,8 months,3120,30936
"40 Minute Shoulders, Back, Triceps, and Cardio Workout Sydney Cummings",8 months,2580,32665
40 Minute LEAN LEGS AND STRONG ABS Workout! ğŸ”¥Burn 375 Calories!* ğŸ”¥Sydney Cummings,8 months,2580,28660
30 Minute Chest and Biceps Burnout Workout ğŸ”¥Burn 265 Calories!* ğŸ”¥Sydney Cummings,8 months,1980,21593
50 Minute Cardio and Abs Superset Workout ğŸ”¥Burn 530 Calories!* ğŸ”¥Sydney Cummings,8 months,3180,35798
30 Minute HIIT Strong Workout ğŸ”¥Burn 350 Calories!* ğŸ”¥Sydney Cummings,8 months,1920,43068
20 Minute Full Body Flexibility Stretch with Sydney Cummings,8 months,1320,8570
50 Minute Yoga Strong Workout ğŸ”¥Burn 385 Calories!* ğŸ”¥Sydney Cummings,8 months,3180,12849
40 Minute Upper Body Workout with Stretch ğŸ”¥Burn 310 Calories!* ğŸ”¥Sydney Cummings,8 months,2640,17884
30 Minute HIIT Cardio and Deep Stretch Workout ğŸ”¥Burn 310 Calories!* ğŸ”¥Sydney Cummings,8 months,1980,25231
40 Minute LEGS AND BUTT BURNOUT WORKOUT! ğŸ”¥Burn 390 Calories!* ğŸ”¥Sydney Cummings,8 months,2520,39912
50 Minute Fat Burning Cardio and Abs Burnout Workout ğŸ”¥Burn 450 Calories!* ğŸ”¥Sydney Cummings,8 months,3060,26758
40 Minute Fat Burning HIIT Strength Workout ğŸ”¥Burn 410 Calories!* ğŸ”¥Sydney Cummings,8 months,2520,39648
20 Minute Stretch for Tight Necks and Backs | Sydney Cummings,8 months,1320,7263
50 Minute FULL BODY PILATES SCULPT Workout ğŸ”¥Burn 360 Calories!*ğŸ”¥ Sydney Cummings,8 months,3120,21448
30 Minute TONED ARMS AND SHOULDERS WORKOUT! ğŸ”¥Burn 265 Calories!* ğŸ”¥Sydney Cummings,8 months,1920,28002
60 Minute FAT BURNING HIIT CARDIO Workout with Deep Stretch ğŸ”¥Burn 635 Calories!* ğŸ”¥Sydney Cummings,8 months,3780,33423
30 Minute LEAN LEGS WORKOUT! ğŸ”¥Burn 370 Calories!* ğŸ”¥Sydney Cummings,8 months,1920,41290
40 Minute Cardio and Abs Circuit Workout ğŸ”¥Burn 410 Calories!* ğŸ”¥Sydney Cummings,8 months,2520,28553
50 Minute Arms and Legs Strength Workout! ğŸ”¥BURN 510 CALORIES!*ğŸ”¥ Sydney Cummings,8 months,3180,24019
20 Minute Deep Stretch for Hips and Lower Back | Sydney Cummings,8 months,1320,10094
30 Minute Yoga Strong Workout ğŸ”¥Burn 240 Calories!* ğŸ”¥Sydney Cummings,9 months,1980,16788
50 Minute Butt Legs and Abs Workout ğŸ”¥Burn 510 Calories!* ğŸ”¥Sydney Cummings,9 months,3180,43989
40 Minute HIIT CARDIO with Deep Stretch Workout! ğŸ”¥Burn 410 Calories!* ğŸ”¥Sydney Cummings,9 months,2520,25492
50 Minute Upper Body Strength and Toning Workout! ğŸ”¥BURN 385 CALORIES!*ğŸ”¥Sydney Cummings,9 months,3120,21487
40 Minute Tabata CARDIO AND ABS Workout ğŸ”¥Burn 450 Calories!* ğŸ”¥Sydney Cummings,9 months,2520,45860
60 Minute Full Body Strength Workout ğŸ”¥Burn 640 Calories!* ğŸ”¥Sydney Cummings,9 months,3780,41727
20 Minute Full Body Stretch with Sydney Cummings!,9 months,1320,8962
30 Minute FULL BODY PILATES WORKOUT ğŸ”¥ Burn 230 Calories!* ğŸ”¥ Sydney Cummings,9 months,1920,27059
40 Minute Lower Body Strong Workout Burn ğŸ”¥390 Calories!* ğŸ”¥Sydney Cummings,9 months,2640,25083
50 MINUTE HIIT CARDIO AND DEEP STRETCH WORKOUT! ğŸ”¥Burn 530 Calories!* ğŸ”¥Sydney Cummings,9 months,3240,29335
50 Minute Strong Upper Body Workout ğŸ”¥Burn 430 Calories!* ğŸ”¥Sydney Cummings,9 months,3180,23523
30 Minute FAT BURNING Cardio and Abs Workout ğŸ”¥Burn 320 Calories!* ğŸ”¥Sydney Cummings,9 months,1980,54229
40 Minute Full Body HIIT Strong Workout ğŸ”¥Burn 415 Calories!* ğŸ”¥Sydney Cummings,9 months,2520,45038
20 Minute Mindset Deep Stretch Sydney Cummings,9 months,1380,5199
"50 Minute TABATA CARDIO, CORE, AND PILATES WORKOUT! ğŸ”¥BURN 465 CALORIES!*ğŸ”¥ Sydney Cummings",9 months,3120,26277
40 Minute Full Body Intense Strength and Cardio Workout! ğŸ”¥Burn 465 Calories!* ğŸ”¥Sydney Cummings,9 months,2580,28746
40 Minute CARDIO KICKBOXING WORKOUT! ğŸ”¥BURN 450 CALORIES!*ğŸ”¥Sydney Cummings,9 months,2520,44584
60 Minute STRONG BODY WORKOUT! ğŸ”¥Burn 575 Calories!* ğŸ”¥Sydney Cummings,9 months,3840,24613
30 Minute CARDIO TABATA STYLE! ğŸ”¥Burn 390 Calories!* ğŸ”¥Sydney Cummings,9 months,1980,35096
50 Minute BODYWEIGHT STRENGTH BOOT CAMP! ğŸ”¥Burn 440 Calories!* ğŸ”¥Sydney Cummings,9 months,3180,20879
20 Minute Deep Stretch For Athletes | Sydney Cummings,9 months,1320,6098
30 Minute FAT BURNING CARDIO No-Equipment Workout ğŸ”¥BURN 400 CALORIES!* ğŸ”¥Sydney Cummings,9 months,1920,95495
60 Minute FULL BODY TRIATHLON STYLE WORKOUT! ğŸ”¥Burn 470 Calories!*  ğŸ”¥Sydney Cummings,9 months,3720,17850
40 Minute PLYO PARTY WORKOUT! ğŸ”¥Burn 515 Calories!* ğŸ”¥Sydney Cummings,9 months,2580,34412
40 Minute FULL BODY STRENGTH BURNOUT! ğŸ”¥BURN 400 CALORIES!*ğŸ”¥ Sydney Cummings,9 months,2580,26097
50 Minute BODYWEIGHT CARDIO WORKOUT! ğŸ”¥Burn 560 Calories!* ğŸ”¥Sydney Cummings,9 months,3120,34611
30 Minute BOOT CAMP WITH CARDIO WORKOUT! ğŸ”¥BURN 350 CALORIES!ğŸ”¥,9 months,1980,28604
20 Minute Yoga Flow Deep Stretch with Sydney Cummings!,9 months,1320,7487
40 Minute CARDIO KICKBOXING AND ABS WORKOUT! ğŸ”¥BURN 460 CALORIES!*ğŸ”¥ Sydney Cummings,9 months,2520,29342
50 Minute STRONG LEGS AND ARMS WORKOUT! ğŸ”¥Burn 500 Calories!* ğŸ”¥Sydney Cummings,9 months,3120,22363
40 Minute HIIT Athlete Workout ğŸ”¥Burn 450 Calories! ğŸ”¥,9 months,2580,24987
60 MINUTE FULL BODY STRENGTH AND CONDITIONING WORKOUT! ğŸ”¥Burn 600 Calories!* ğŸ”¥,10 months,3840,27329
30 MINUTE HIIT BODYWEIGHT WORKOUT! ğŸ”¥Burn 370 Calories!* ğŸ”¥Sydney Cummings,10 months,1980,32485
50 MINUTE BOOT CAMP SUPERSET WORKOUT! ğŸ”¥Burn 550 Calories!* ğŸ”¥with Sydney Cummings,10 months,3120,28278
20 Minute Slow Deep Stretch with Sydney Cummings!,10 months,1320,7104
40 Minute HIIT Cardio and Abs Workout ğŸ”¥Burn 480 Calories! ğŸ”¥Sydney Cummings,10 months,2580,36225
60 MINUTE FULL BODY TONING WORKOUT! ğŸ”¥670 Calories! ğŸ”¥Sydney Cummings,10 months,3780,42973
30 MINUTE CARDIO TABATA TURN UP WORKOUT! ğŸ”¥BURN 385 CALORIES!*ğŸ”¥with Sydney Cummings,10 months,1920,38218
50 Minute Strength and Conditioning Workout ğŸ”¥Burn 585 Calories!* ğŸ”¥Sydney Cummings,10 months,3180,24238
40 MINUTE BODYWEIGHT HIIT WORKOUT! ğŸ”¥Burn 450 Calories!* ğŸ”¥Sydney Cummings,10 months,2580,31600
40 MINUTE FULL BODY BOOT CAMP!  ğŸ”¥BURN 470 CALORIES! ğŸ”¥ with Sydney Cummings,10 months,2580,28827
20 Minute Resistance Band Stretch | Sydney Cummings,10 months,1320,5365
50 MINUTE FULL BODY STRENGTH WORKOUT! ğŸ”¥BURN 465 CALORIES!*ğŸ”¥ with Sydney Cummings,10 months,3120,25194
30 Minute Cardio Speed and Agility Workout ğŸ”¥Burn 400 Calories! ğŸ”¥Sydney Cummings,10 months,1920,38104
"40 MINUTE CARDIO, BACK, AND BICEPS WORKOUT! ğŸ”¥BURN 415 CALORIES!*ğŸ”¥with Sydney Cummings",10 months,2580,15018
10 Minute MINI BAND BUTT BURNOUT! with Sydney Cummings,10 months,780,22955
30 Minute LEG BURNOUT WORKOUT-NO EQUIPMENT NEEDED! ğŸ”¥BURN 300 CALORIES!* ğŸ”¥with Sydney Cummings,10 months,1920,29697
40 MINUTE STANDING ABS AND SHOULDERS WORKOUT! ğŸ”¥BURN 400 CALORIES!*ğŸ”¥ Sydney Cummings,10 months,2520,24698
50 Minute FULL BODY HIIT BOOTCAMP WORKOUT ğŸ”¥BURN 550 CALORIES!* ğŸ”¥with Sydney Cummings,10 months,3180,32552
20 Minute Meditation Stretch Sydney Cummings,10 months,1380,4939
30 MINUTE UPPER BODY SHRED ğŸ”¥BURN 330 CALORIES!* ğŸ”¥with Sydney Cummings,10 months,1920,108291
30 Minute Strong Butt Workout ğŸ”¥BURN 290 CALORIES!* ğŸ”¥Sydney Cummings,10 months,1980,27469
30 Minute HIIT BICEPS BACK AND CARDIO WORKOUT! ğŸ”¥BURN 300 CALORIES!* ğŸ”¥with Sydney Cummings,10 months,1980,18954
50 MINUTE LEAN LEGS AND CARDIO WORKOUT!ğŸ”¥BURN 600 CALORIES!ğŸ”¥with Sydney Cummings,10 months,3180,31383
40 MINUTE AWESOME ABS AND SHOULDER WORKOUT!ğŸ”¥BURN 390 CALORIES!*ğŸ”¥with Sydney Cummings,10 months,2520,16614
THEY LOST 100 POUNDS WITH ME AS THEIR TRAINER!!!!,10 months,960,6466
10 Minute CARDIO TABATA TURN UP WORKOUT! with Sydney Cummings,10 months,720,31425
40 MINUTE FAT BURNING HIIT AT HOME WORKOUT! ğŸ”¥BURN 515 CALORIES!* ğŸ”¥with Sydney Cummings,10 months,2580,83961
20 Minute Full Body Deep Stretch Sydney Cummings,10 months,1380,5707
"50 MINUTE ARMS, CARDIO, AND ABS WORKOUT!ğŸ”¥BURN 550 CALORIES!*ğŸ”¥with Sydney Cummings",10 months,3180,25196
30 Minute BEST BOOTY WORKOUT!ğŸ”¥BURN 300 CALORIES!*ğŸ”¥with Sydney Cummings,10 months,1980,35260
10 MINUTE MINI BAND BOOTY BURNOUT WORKOUT! with Sydney Cummings,10 months,720,27820
40 Minute VALENTINE'S DAY BACK AND BICEPS WORKOUT ğŸ”¥BURN 475 CALORIES!* ğŸ”¥with Sydney Cummings,10 months,2580,17430
40 MINUTE LEGS WORKOUT ğŸ”¥BURN 425 CALORIES!* ğŸ”¥with Sydney Cummings,11 months,2580,23246
60 MINUTE SHOULDERS AND ABS SWEAT SESSION! ğŸ”¥BURN 525 CALORIES!*ğŸ”¥ with Sydney Cummings,11 months,3780,16878
50 MINUTE STRENGTH AND CONDITIONING CHALLENGE WORKOUTğŸ”¥BURN 560 CALORIES!*ğŸ”¥with Sydney Cummings,11 months,3180,27371
20 MINUTE  TOTAL BODY DEEP STRETCH! with Sydney Cummings,11 months,1320,6635
40 MINUTE UPPER BODY TONING WORKOUTğŸ”¥BURN 375 CALORIES!*ğŸ”¥with Sydney Cummings,11 months,2520,17185
50 MINUTE BUTT AND CARDIO WORKOUT! ğŸ”¥BURN 480 CALORIES!*ğŸ”¥with Sydney Cummings,11 months,3180,20708
30 Minute BEST BACK AND BICEPS WORKOUT! ğŸ”¥BURN 280 CALORIES!*ğŸ”¥with Sydney Cummings,11 months,2040,19785
60 MINUTE LEG SCULPTING AND CARDIO WORKOUT ğŸ”¥BURN 680 CALORIES!*ğŸ”¥ with Sydney Cummings,11 months,3840,36318
30 Minute STRONG SHOULDERS AND ABS WORKOUT!ğŸ”¥BURN 275 CALORIES!ğŸ”¥with Sydney Cummings,11 months,1980,16070
10 MINUTE STRONG ABS CHALLENGE! with Sydney Cummings,11 months,720,18136
40 MINUTE FULL BODY STRENGTH AND CARDIO WORKOUT! ğŸ”¥BURN 500 CALORIES!* ğŸ”¥with Sydney Cummings,11 months,2640,38563
SHE HAD NO IDEA!!!,11 months,840,9947
20 Minute STRETCH FOR ATHLETES with Sydney Cummings,11 months,1320,5502
30 MINUTE HIIT FAT BURNING WITH ABS WORKOUT!ğŸ”¥Burn 350 Calories!* ğŸ”¥Sydney Cummings,11 months,1980,31707
40 Minute BUTT BUILDER WORKOUT ğŸ”¥BURN 425 CALORIES!*ğŸ”¥with Sydney Cummings,11 months,2520,41630
40 Minute UPPER BODY WORKOUT WITH DUMBBELLS ğŸ”¥BURN 380 CALORIES!ğŸ”¥with Sydney Cummings,11 months,2580,31039
10 Minute Sit-Up Challenge Workout Sydney Cummings,11 months,720,12982
50 Minute FULL BODY TABATA WORKOUT Sports Edition! ğŸ”¥Burn 630 CALORIES!*ğŸ”¥ with Sydney Cummings,11 months,3180,43941
40 Minute Lean Legs Workout ğŸ”¥Burn 480 Calories!* ğŸ”¥with Sydney Cummings,11 months,2580,31985
10 Minute Obliques Workout with Sydney Cummings,11 months,780,14086
40 Minute Total Body AMRAP Workout ğŸ”¥Burn 460 Calories!* ğŸ”¥Sydney Cummings,11 months,2580,19216
10 Minute YOGA STRETCH with Sydney Cummings!,11 months,720,6898
60 Minute FULL BODY SWEAT WORKOUT ğŸ”¥BURN 715 CALORIES!* ğŸ”¥with Sydney Cummings,11 months,3780,74043
10 MINUTE ABS WORKOUT WITH A DUMBBELL with Sydney Cummings!,11 months,720,17792
30 Minute BUTT AND THIGHS WORKOUT WITH MINI BANDS! ğŸ”¥BURN 340 CALORIES!* ğŸ”¥with Sydney Cummings,11 months,2040,207000
30 Minute TONED ARMS WORKOUT! ğŸ”¥BURN 250 CALORIES!* ğŸ”¥with Sydney Cummings,11 months,1920,20871
50 Minute Fat Burning HIIT Bootcamp Workout ğŸ”¥Burn 550 Calories!* ğŸ”¥with Sydney Cummings,11 months,3180,22827
30 Minute STRONG LEGS WORKOUT! ğŸ”¥BURN 360 CALORIES!* ğŸ”¥with Sydney Cummings,11 months,1980,23736
10 Minute KETTLEBELL BUTT WORKOUT with Sydney Cummings!,11 months,780,12933
10 Minute PLANK CHALLENGE with Sydney Cummings!,11 months,720,26964
30 Minute HIIT STRONG WORKOUT! ğŸ”¥BURN 360 CALORIES! ğŸ”¥with Sydney Cummings,11 months,1920,27752
20 Minute Full Body Deep Stretch with Sydney Cummings,11 months,1320,5615
60 Minute FULL BODY AT HOME WORKOUT WITH ABS! ğŸ”¥ BURN 630 CALORIES!* ğŸ”¥ with Sydney Cummings,11 months,3780,27812
40 Minute BODY WEIGHT LEG WORKOUT ğŸ”¥BURN 460 CALORIES!* ğŸ”¥Sydney Cummings,11 months,2580,31438
40 Minute TONED ARMS AND SHOULDERS WORKOUT ğŸ”¥BURN 400 CALORIES!* ğŸ”¥with Sydney Cummings,11 months,2580,27440
10 Minute AB BURNOUT WORKOUT with Sydney Cummings!,11 months,720,29358
50 Minute Full Body Bodyweight Only Workout ğŸ”¥Burn 560 Calories!* ğŸ”¥Sydney Cummings,11 months,3180,34453
40 Minute Butt and Abs Workout ğŸ”¥Burn 385 Calories! ğŸ”¥Sydney Cummings,11 months,2640,22301
40 Minute FULL BODY ATHLETE WORKOUT! ğŸ”¥BURN 430 CALORIES! ğŸ”¥Sydney Cummings,11 months,2580,18928
20 Minute Beginner Yoga Flow with Sydney Cummings,1 year,1380,6416
50 Minute FULL BODY CIRCUIT WORKOUT!  ğŸ”¥Burn 530 Calories! ğŸ”¥Sydney Cummings,1 year,3180,23140
30 Minute LEG WORKOUT! ğŸ”¥BURN 360 CALORIES ğŸ”¥WITH SYDNEY CUMMINGS!,1 year,1920,40053
10 Minute LOWER BELLY AB WORKOUT! ğŸ”¥Sydney Cummings,1 year,780,26837
50 Minute TOTAL UPPER BODY WORKOUT! ğŸ”¥Burn 420 Calories! ğŸ”¥Sydney Cummings,1 year,3180,26145
40 Minute FULL BODY WORKOUT! ğŸ”¥Burn 460 Calories! ğŸ”¥Sydney Cummings,1 year,2580,35855
40 Minute Toned Legs and Abs Workout ğŸ”¥Burn 475 Calories! ğŸ”¥Sydney Cummings,1 year,2580,23265
10 Minute Abs Burnout Workout Sydney Cummings,1 year,720,15440
30 Minute FULL BODY FAT BURNING WORKOUT! ğŸ”¥Burn 350 Calories! ğŸ”¥Sydney Cummings,1 year,1980,35681
10 Minute Full Body Stretch Sydney Cummings,1 year,660,14685
40 Minute CARDIO AND ARMS WORKOUT! ğŸ”¥Burn 450 Calories!ğŸ”¥Sydney Cummings,1 year,2460,24104
10 Minute BUTT BURNOUT WORKOUT with Sydney Cummings!,1 year,720,44272
40 Minute Legs Workout ğŸ”¥Burn 390 Calories! ğŸ”¥Sydney Cummings,1 year,2580,19271
30 Minute UPPER BODY WORKOUT! ğŸ”¥Burn 300 Calories!ğŸ”¥Sydney Cummings,1 year,1980,337882
40 Minute FULL BODY WORKOUT WITH ABS! ğŸ”¥Burn 425 Calories! ğŸ”¥Sydney Cummings,1 year,2580,30812
30 Minute FAT-BURNING HIIT WORKOUT! ğŸ”¥Burn 450 Calories ğŸ”¥Sydney Cummings,1 year,1920,489310
60 Minute Legs and Abs Workout ğŸ”¥Burn 600 Calories! ğŸ”¥Sydney Cummings,1 year,3720,22609
Full Body Deep Stretch for Tight Bodies | Sydney Cummings,1 year,1320,22943
40 Minute Upper Body Workout ğŸ”¥Burn 350 Calories! ğŸ”¥Sydney Cummings,1 year,2520,12120
50 Minute Full Body Bodyweight Workout ğŸ”¥Burn 550 Calories! ğŸ”¥Sydney Cummings,1 year,3120,29685
30 Minute Low Impact Standing Abs Workout ğŸ”¥Burn 300 Calories! ğŸ”¥Sydney Cummings,1 year,1920,42331
40 Minute Shoulders with Dumbbells Workout ğŸ”¥Burn 400 Calories! ğŸ”¥Sydney Cummings,1 year,2580,11084
30 Minute Bodyweight Leg Toning Workout ğŸ”¥Burn 350 Calories! ğŸ”¥Sydney Cummings,1 year,1980,17960
40 Minute Abs AMRAP Workout ğŸ”¥Burn 315 Calories ğŸ”¥Sydney Cummings,1 year,2580,9632
20 Minute Foam Roller Stretch | Sydney Cummings,1 year,1380,3678
50 Minute Core and Boxing Workout ğŸ”¥Burn 485 Calories! ğŸ”¥Sydney Cummings,1 year,3180,12427
"40 Minute Legs, Butt, and Abs Strength Workout ğŸ”¥Burn 450 Calories! ğŸ”¥Sydney Cummings",1 year,2520,54443
50 Minute Back and Biceps Circuit Workout ğŸ”¥Burn 450 Calories! ğŸ”¥Sydney Cummings,1 year,3180,11884
60 Minute Full Body Strength Bootcamp Workout ğŸ”¥Burn 615 Calories! ğŸ”¥Sydney Cummings,1 year,3780,24206
40 Minute Abs Strength Workout ğŸ”¥Burn 300 Calories! ğŸ”¥Sydney Cummings,1 year,2580,14649
50 Minute Leg Workout ğŸ”¥Burn 550 Calories! ğŸ”¥Sydney Cummings,1 year,3180,21669
20 Minute Mat Stretch | Sydney Cummings,1 year,1380,4258
30 Minute Upper Body Circuit Workout ğŸ”¥Burn 300 Calories! ğŸ”¥Sydney Cummings,1 year,1920,21845
40 Minute Full Body Bodyweight Workout ğŸ”¥Burn 400 Calories! ğŸ”¥Sydney Cummings,1 year,2520,21103
30 Minute Tabata Abs Workout ğŸ”¥Burn 300 Calories! ğŸ”¥Sydney Cummings,1 year,1980,27177
50 Minute Legs Workout ğŸ”¥Burn 600 Calories! ğŸ”¥Sydney Cummings,1 year,3240,23689
40 Minute Chest &amp; Triceps Workout ğŸ”¥Burn 350 Calories! ğŸ”¥Sydney Cummings,1 year,2580,17936
40 Minute Full Body Workout ğŸ”¥BURN 550 CALORIES!ğŸ”¥ with Sydney Cummings,1 year,2640,75098
20 Minute Rest Day Deep Stretch | Sydney Cummings,1 year,1380,5171
30 Minute HIIT Tabata Cardio with Abs Workout ğŸ”¥Burn 400 Calories! ğŸ”¥Sydney Cummings,1 year,1920,17847
"40 Minute Legs, Abs, and Cardio Workout ğŸ”¥Burn 480 Calories! ğŸ”¥Sydney Cummings",1 year,2580,14805
40 Minute Upper Body and Cardio Workout ğŸ”¥Burn 475 Calories! ğŸ”¥Sydney Cummings,1 year,2520,22517
30 Minute Sliders Workout ğŸ”¥Burn 585 Calories! ğŸ”¥Sydney Cummings,1 year,1920,11561
50 Minute Core and Kickboxing Workout ğŸ”¥Burn 625 Calories! ğŸ”¥Sydney Cummings,1 year,3120,23984
50 Minute Legs Workout ğŸ”¥Burn 595 Calories! ğŸ”¥Sydney Cummings,1 year,3180,19040
20 Minute Shoulders and Hips Deep Stretch | Sydney Cummings,1 year,1320,3188
50 Minute Total Body Toning Workout ğŸ”¥Burn 530 Calories! ğŸ”¥Sydney Cummings,1 year,3120,15372
40 Minute Total Body Burnout Workout ğŸ”¥Burn 480 Calories! ğŸ”¥Sydney Cummings,1 year,2460,17434
30 Minute HIIT Boot Camp Workout ğŸ”¥Burn 370 Calories! ğŸ”¥Sydney Cummings,1 year,1860,15490
50 Minute Full Body Bootcamp with Abs Workout ğŸ”¥Burn 525 Calories! ğŸ”¥Sydney Cummings,1 year,3120,14541
50 Minute Boxing Workout with Arms ğŸ”¥Burn 550 Calories! ğŸ”¥Sydney Cummings,1 year,3120,10439
40 Minute Total Body Strength Workout ğŸ”¥Burn 450 Calories! ğŸ”¥Sydney Cummings,1 year,2460,19040
20 Minute Deep Stretch | Sydney Cummings,1 year,1320,3341
30 Minute HIIT Agility Workout ğŸ”¥Burn 400 Calories! ğŸ”¥Sydney Cummings,1 year,1980,22699
50 Minute Full Body Workout ğŸ”¥Burn 550 Calories! ğŸ”¥Sydney Cummings,1 year,3180,12934
50 Minute At Home Leg Workout ğŸ”¥Burn 625 Calories! ğŸ”¥Sydney Cummings,1 year,3180,23356
60 Minute Athletic Speed Workout ğŸ”¥Burn 660 Calories! ğŸ”¥Sydney Cummings,1 year,3780,16339
50 Minute Upper Body and Abs Workout ğŸ”¥Burn 500 Calories! ğŸ”¥Sydney Cummings,1 year,3120,13052
50 Minute Sports Boot Camp Workout ğŸ”¥Burn 660 Calories!ğŸ”¥Sydney Cummings,1 year,3180,21392
"20 Minute Deep Stretch: Hamstrings, Glutes, &amp; Back | Sydney Cummings",1 year,1260,7442
60 Minute Tabata Workout ğŸ”¥Burn 777 Calories! ğŸ”¥Sydney Cummings,1 year,3840,42837
40 Minute Total Body HIIT Workout ğŸ”¥Burn 500 Calories! ğŸ”¥Sydney Cummings,1 year,2460,28679
50 Minute HIIT Abs &amp; Arms Workout ğŸ”¥Burn 480 Calories! ğŸ”¥Sydney Cummings,1 year,3060,10124
60 Minute HIIT Workout ğŸ”¥BURN 775 CALORIES! ğŸ”¥Sydney Cummings,1 year,3600,38902
40 Minute  Legs and Abs Workout ğŸ”¥Burn 415 Calories! ğŸ”¥Sydney Cummings,1 year,2460,15097
40 Minute HIIT Workout ğŸ”¥Burn 580 Calories! ğŸ”¥Sydney Cummings,1 year,2580,40317
20 Minute Total Body Deep Stretch with Sydney Cummings,1 year,1320,3626
50 Minute Strength Training Workout ğŸ”¥Burn 550 Calories! ğŸ”¥Sydney Cummings,1 year,3120,12563
30 Minute Fast Burn HIIT Workout ğŸ”¥Burn 350 Calories! ğŸ”¥Sydney Cummings,1 year,1860,15665
30 Minute Butt and Thighs Burnout With Miniband Workout ğŸ”¥Burn 300 Calories! ğŸ”¥Sydney Cummings,1 year,1920,12216
60 Minute Strength and Conditioning Workout ğŸ”¥Burn 810 Calories! ğŸ”¥Sydney Cummings,1 year,3600,31247
40 Minute Upper Body and Abs Workout ğŸ”¥Burn 415 Calories! ğŸ”¥,1 year,2520,15668
34 Minute Total Body HIIT Workout with Dumbbells ğŸ”¥Burn 430 Calories! ğŸ”¥Sydney Cummings,1 year,2100,22158
20 Minute Deep Stretch with Resistance Band with Sydney Cummings!,1 year,1320,2931
40 Minute HIIT Cardio Kickboxing and Abs Workout Sydney Cummings ğŸ”¥Burn 500 Calories! ğŸ”¥,1 year,2520,19119
40 Minute Strength and Cardio Total Body Circuit Workout ğŸ”¥Burn 485 Calories! ğŸ”¥ Sydney Cummings,1 year,2520,20932
40 Minute Legs and Butt Workout ğŸ”¥Burn 525 Calories ğŸ”¥ Sydney Cummings,1 year,2640,56723
40 Minute HIIT Boot Camp Workout ğŸ”¥Burn 585 Calories! ğŸ”¥Sydney Cummings,1 year,2580,32301
40 Minute Toned Arms Workout ğŸ”¥Burn 405 Calories! ğŸ”¥Sydney Cummings,1 year,2520,21744
40 Minute Plyo Box Workout ğŸ”¥Burn 450 Calories ğŸ”¥Sydney Cummings,1 year,2580,6877
20 Minute Total Body Yoga Flow Deep Stretch | Sydney Cummings,1 year,1380,5729
50 Minute Pilates and Cardio Workout ğŸ”¥Burn 440 Calories! ğŸ”¥ Sydney Cummings,1 year,3120,11964
60 Minute Body Weight Tabata Cardio Workout ğŸ”¥Burn 670 Calories! ğŸ”¥Sydney Cummings,1 year,3720,30306
30 Minute Cardio and Abs Workout with Sydney CummingsğŸ”¥Burn 480 Calories! ğŸ”¥,1 year,1980,51015
50 Minute Legs &amp; Towel Abs Workout ğŸ”¥Burn 500 Calories! ğŸ”¥Sydney Cummings,1 year,3180,9188
30 Minute Upper Body Workout Challenge ğŸ”¥Burn 300 Calories! ğŸ”¥ Sydney Cummings,1 year,1920,13160
50 Minute Body Weight Boot Camp Workout ğŸ”¥Burn 650 Calories! ğŸ”¥Sydney Cummings,1 year,3180,18133
20 Minute Deep Stretch | Sydney Cummings,1 year,1260,6487
40 Minute Power Pilates Workout ğŸ”¥Burn 400 Calories! ğŸ”¥,1 year,2520,14617
30 Minute Fat Burning HIIT Workout ğŸ”¥Burn 405 Calories! ğŸ”¥,1 year,1980,94849
40 Minute Abs Strength Workout ğŸ”¥Burn 350 Calories! ğŸ”¥,1 year,2520,10746
30 Minute Leg Boot Camp Workout ğŸ”¥Burn 475 Calories! ğŸ”¥,1 year,1980,18073
30 Minute HIIT Upper Body and Cardio Circuit Workout ğŸ”¥Burn 455 Calories! ğŸ”¥,1 year,1860,17607
50 Minute Full Body Bodyweight Workout ğŸ”¥Burn 605 Calories! ğŸ”¥,1 year,3120,20615
25 Minute Deep Stretch and Mobility | Sydney Cummings,1 year,1620,3501
60 Minute Athlete Bootcamp Workout ğŸ”¥Burn 715 Calories! ğŸ”¥,1 year,3780,17619
"60 Minute Butt, Hamstrings, and Abs Workout ğŸ”¥Burn 625 Calories! ğŸ”¥",1 year,3780,11438
50 Minute Arms and Abs Workout ğŸ”¥Burn 600 Calories! ğŸ”¥,1 year,3180,12009
50 Minute Fat Burning Plyo Workout ğŸ”¥Burn 700 Calories! ğŸ”¥,1 year,3180,37834
60 Minute Kickboxing Legs and Abs Workout ğŸ”¥Burn 600 Calories! ğŸ”¥,1 year,3780,12963
"40 Minute HIIT Cardio, Chest, &amp; Triceps Workout ğŸ”¥Burn 480 Calories! ğŸ”¥",1 year,2520,11128
20 Minute Slow Stretch For Sore Legs And Arms | Sydney Cummings,1 year,1320,3890
60 Minute Full Body Boot Camp Workout ğŸ”¥Burn 670 Calories! ğŸ”¥,1 year,3720,18677
40 Minute Butt and Abs Workout ğŸ”¥ Burn 405 Calories! ğŸ”¥,1 year,2640,10484
50 Minute Back Biceps and Cardio Workout ğŸ”¥Burn 580 Calories! ğŸ”¥,1 year,3180,9421
Health Update + Q&amp;A | Sydney Cummings,1 year,1680,6755
50 Minute At Home Agility Workout ğŸ”¥Burn 615 Calories! ğŸ”¥,1 year,3180,13474
50 Minute Legs Workout With Dumbbells ğŸ”¥Burn 500 Calories!ğŸ”¥,1 year,3120,11317
30 Minute Tabata Arms and Chest Workout ğŸ”¥Burn 415 Calories ğŸ”¥,1 year,1980,14231
20 Minute Total Body Joint Deep Stretch | Sydney Cummings,1 year,1380,3534
40 Minute Full Body Strength &amp; Conditioning Workout ğŸ”¥Burn 525 Calories! ğŸ”¥,1 year,2520,19559
40 Minute Fat Burning Cardio and Abs Workout ğŸ”¥Burn 480 Calories! ğŸ”¥,1 year,2460,36086
40 Minute HIIT Total Body Strength Workout ğŸ”¥Burn 485 Calories! ğŸ”¥,1 year,2460,14459
30 Minute Shoulders and Cardio Workout ğŸ”¥Burn 400 Calories! ğŸ”¥,1 year,1920,10715
40 Minute HIIT Athlete Workout ğŸ”¥Burn 475 Calories! ğŸ”¥,1 year,2460,11842
"60 Minute Butt, Hamstrings, and Abs Workout ğŸ”¥Burn 625 Calories! ğŸ”¥",1 year,3780,17418
20 Minute Deep Stretch On The Mat | Sydney Cummings,1 year,1260,4830
50 Minute Total Body Boot Camp Workout ğŸ”¥Burn 475 Calories! ğŸ”¥,1 year,3120,9636
30 Minute Ab Burnout Workout ğŸ”¥Burn 370 Calories! ğŸ”¥,1 year,1920,17682
50 Minute Bodyweight HIIT Workout ğŸ”¥Burn 675 Calories! ğŸ”¥,1 year,3180,34955
60 Minute Kickboxing and Arms Workout ğŸ”¥Burn 670 Calories! ğŸ”¥,1 year,3720,21427
45 Minute HIIT Strength Workout ğŸ”¥Burn 510 Calories! ğŸ”¥,1 year,2820,25101
50 Minute Legs and Abs Workout ğŸ”¥Burn 605 Calories! ğŸ”¥,1 year,3120,33524
20 Minute Deep Stretch Yoga | Sydney Cummings,1 year,1320,4530
40 Minute Boot Camp Workout ğŸ”¥Burn 475 Calories! ğŸ”¥,1 year,2580,15111
"40 Minute Legs, Butt, and Abs Strength Workout ğŸ”¥Burn 400 Calories! ğŸ”¥",1 year,2520,26660
I Got Shot (THIS IS NOT CLICKBAIT),1 year,1080,26677
60 Minute HIIT Cardio Workout ğŸ”¥Burn 710 Calories! ğŸ”¥,1 year,3720,77744
40 Minute HIIT Workout ğŸ”¥Burn 450 Calories! ğŸ”¥APARTMENT FRIENDLY,1 year,2520,22257
40 Minute Arms and Abs AMRAP Workout ğŸ”¥ Burn 385 Calories! ğŸ”¥,1 year,2640,15981
30 Minute Leg Toning Workout No Equipment Needed ğŸ”¥Burn 350 Calories! ğŸ”¥,1 year,1920,36605
20 Minute Resistance Band Deep Stretch | Sydney Cummings,1 year,1380,4884
60 Minute Birthday Bootcamp Workout ğŸ”¥Burn 830 Calories! ğŸ”¥,1 year,3900,82698
My Story - Sydney Cummings,1 year,507,152697
30 Minute Kickboxing and Kettlebell Workout ğŸ”¥Burn 315 Calories!ğŸ”¥,1 year,1920,18460
50 Minute Full Body HIIT with Abs Workout ğŸ”¥Burn 585 Calories! ğŸ”¥,1 year,3180,16731
40 Minute Full Body Tabata Workout ğŸ”¥Burn 475 Calories! ğŸ”¥,1 year,2580,24981
40 Minute Full Body Bodyweight Workout ğŸ”¥Burn 460 Calories!ğŸ”¥,1 year,2520,24657
30 Minute Pilates Strong Workout ğŸ”¥Burn 250 Calories! ğŸ”¥,1 year,1920,14875
20 Minute Full Body Deep Stretch!,1 year,1380,7778
60 Minute Full Body Strength &amp; Cardio Workout ğŸ”¥Burn 700 Calories! ğŸ”¥,1 year,3780,41150
40 Minute Abs and Cardio Workout ğŸ”¥Burn 470 Calories!ğŸ”¥,1 year,2520,29296
"50 Minute Butt, Shoulders, and Cardio Workout ğŸ”¥Burn 630 Calories!ğŸ”¥",1 year,3180,17935
"30 Minute Chest, Triceps, and Cardio Workout ğŸ”¥Burn 350 Calories!ğŸ”¥",1 year,2040,14988
40 Minute Legs Abs and Cardio Workout ğŸ”¥Burn 480 Calories!ğŸ”¥,1 year,2580,20711
"50 Minute HIIT Back, Biceps, and Cardio Workout ğŸ”¥Burn 625 Calories!ğŸ”¥",1 year,3120,22146
20 Minute Rest Day Deep Stretch!,1 year,1320,7256
40 Minute Full Body Strength and Cardio Workout ğŸ”¥Burn 525 Calories!ğŸ”¥,1 year,2580,31524
30 Minute Core and Cardio Blast Workout ğŸ”¥Burn 360 Calories!ğŸ”¥,1 year,1920,22666
"60 Minute Butt, Shoulders and Cardio Workout ğŸ”¥Burn 630 Calories!ğŸ”¥",1 year,3780,23155
40 Minute Chest and Triceps Workout ğŸ”¥Burn 350 Calories! ğŸ”¥,1 year,2520,16163
50 Minute Legs Abs and Cardio Workout ğŸ”¥Burn 600 Calories!ğŸ”¥,1 year,3180,29125
40 Minute Back Biceps and Cardio Workout ğŸ”¥Burn 530 Calories! ğŸ”¥,1 year,2580,19733
20 Minute Flexibility Stretch,1 year,1320,5749
40 Minute FAT BURNING FULL BODY Workout ğŸ”¥Burn 450 Calories!ğŸ”¥,1 year,2580,22365
40 Minute Upper Body Workout ğŸ”¥Burn 375 Calories!ğŸ”¥,1 year,2520,26733
30 Minute CARDIO AND ABS BOOT CAMP ğŸ”¥Burn 430 Calories!ğŸ”¥,1 year,1980,33365
40 Minute Lower Body Workout Sydney Cummings ğŸ”¥Burn 450 Calories! ğŸ”¥,1 year,2580,48643
50 Minute Tabata Cardio and Abs Workout ğŸ”¥Burn 530 Calories!ğŸ”¥,1 year,3180,29826
40 Minute Full Body At Home Strength Workout ğŸ”¥Burn 460 Calories!ğŸ”¥,1 year,2520,16772
20 Minute Post Workout Deep Stretch,1 year,1320,5843
40 Minute Full Body At Home Boot Camp Workout ğŸ”¥BURN 500 CALORIES!ğŸ”¥,1 year,2520,26337
50 Minute Lower Body Workout ğŸ”¥ Burn 595 Calories! ğŸ”¥,1 year,3180,36261
40 Minute Home Workout Cardio and Abs ğŸ”¥Burn 475 Calories!ğŸ”¥,1 year,2520,20898
50 Minute Upper Body Workout ğŸ”¥Burn 475 Calories! ğŸ”¥,1 year,3120,22571
40 Minute Fat Burning Cardio Party-O Workout | No Equipment Needed ğŸ”¥Burn 600 Calories! ğŸ”¥,1 year,2580,142942
40 Minute FULL BODY Strength Boot Camp Workout ğŸ”¥BURN 450 CALORIES!ğŸ”¥,1 year,2580,32838
20 Minute Slow Stretch For Sore Legs &amp; Arms,1 year,1320,3600
50 Minute At Home Cardio and Abs NO EQUIPMENT NEEDED Workout ğŸ”¥Burn 650 Calories!ğŸ”¥,1 year,3120,37820
40 Minute Legs and Butt Workout ğŸ”¥BURN 525 CALORIES!ğŸ”¥,1 year,2640,33595
30 Minute Toned Arms &amp; Abs Workout ğŸ”¥Burn 300 Calories! ğŸ”¥,1 year,1980,62865
50 Minute FAT BURNING HIIT Cardio Workout | NO EQUIPMENT NEEDED ğŸ”¥Burn 650 Calories!ğŸ”¥,1 year,3120,73129
40 Minute Full Body Tabata Strong Workout ğŸ”¥Burn 435 Calories!ğŸ”¥,1 year,2520,10970
30 Minute Full Body Pilates Workout ğŸ”¥Burn 400 Calories! ğŸ”¥,1 year,1920,47687
30 Minute Deep Stretch with Resistance Band,1 year,1980,3808
60 Minute Strength Boot Camp Workout ğŸ”¥Burn 675 Calories! ğŸ”¥,1 year,3780,22747
30 Minute Cardio and Abs Workout ğŸ”¥Burn 480 Calories!ğŸ”¥,1 year,1980,53895
50 Minute At Home Leg Workout ğŸ”¥Burn 625 Calories!ğŸ”¥,1 year,3180,26964
40 Minute Fat Burning Cardio and Abs Workout ğŸ”¥Burn 480 Calories!ğŸ”¥,1 year,2580,30260
30 Minute Tabata Arms and Chest Workout ğŸ”¥Burn 415 Calories!ğŸ”¥,1 year,1980,54728
40 Minute Full Body Bodyweight Workout ğŸ”¥Burn 405 Calories!ğŸ”¥,1 year,2460,33392
20 Minute Total Body Joint Stretch,1 year,1380,3813
30 Minute Leg Boot Camp Workout ğŸ”¥Burn 475 Calories!ğŸ”¥,1 year,1980,35578
60 Minute Bodyweight Tabata Cardio Workout ğŸ”¥Burn 670 Calories! ğŸ”¥,1 year,3720,33281
Our First Q&amp;A!!! | Sydney and Dustin,1 year,720,6023
50 Minute Arms and Abs Workout ğŸ”¥Burn 600 Calories!ğŸ”¥,1 year,3180,54737
50 Minute Full Body Bodyweight Workout ğŸ”¥Burn 605 Calories!ğŸ”¥,1 year,3120,36181
40 Minute Full Body AMRAP Workout ğŸ”¥Burn 400 Calories!ğŸ”¥,1 year,2520,9518
40 Minute Full Body Circuit Workout ğŸ”¥Burn 450 Calories!ğŸ”¥,1 year,2580,77418
20 Minute Deep Stretch with Resistance Band,1 year,1320,3933
30 Minute Full Body Boot Camp Workout ğŸ”¥Burn 455 Calories!ğŸ”¥,1 year,1920,60059
"50 Minute Upper Body and Abs Workout (with my fiancÃ©, Dustin!) ğŸ”¥Burn 500-550 Calories! ğŸ”¥",1 year,3120,21161
40 Minute Power Pilates and Yoga Workout ğŸ”¥Burn 450 Calories!ğŸ”¥,1 year,2580,39327
40 Minute Full Body Strength and Conditioning Workout ğŸ”¥Burn 525 Calories! ğŸ”¥,1 year,2520,35550
30 Minute Full Body Mini Band Workout ğŸ”¥Burn 375 Calories! ğŸ”¥,1 year,1980,61770
30 Minute HIIT Tabata Cardio with Abs Workout ğŸ”¥Burn 400 Calories!ğŸ”¥,1 year,1920,32080
20 Minute Full Body Stretch Flow With Dumbbells,1 year,1320,3682
60 Minute Strength Boot Camp Workout ğŸ”¥Burn 655 Calories!ğŸ”¥,1 year,3840,22738
40 Minute HIIT Triathlon Style Workout ğŸ”¥Burn 555 Calories!ğŸ”¥,1 year,2520,17627
30 Minute Full Body Blast Bosu Ball Workout ğŸ”¥Burn 300 Calories!ğŸ”¥,1 year,1980,10946
40 Minute Fat Burning Strength HIIT Workout ğŸ”¥Burn 500 Calories!ğŸ”¥,1 year,2520,37475
40 Minute Tabata Cardio Kickboxing Workout ğŸ”¥Burn 465 Calories ğŸ”¥,1 year,2520,24741
40 Minute Beginner and Advanced Mat Workout ğŸ”¥Burn 375 Calories ğŸ”¥,1 year,2520,5952
10 Minute Full Body Foam Roller Routine,1 year,840,17211
10 Minute Full Body Resistance Band Stretch,1 year,660,30806
50 Minute Full Body Bootcamp with Abs Workout ğŸ”¥Burn 525 Calories! ğŸ”¥,1 year,3120,20376
40 Minute Upper Body and Cardio Workout 2 ğŸ”¥Burn 450 Calories!ğŸ”¥,1 year,2580,15852
30 Minute Leg Burnout Workout ğŸ”¥Burn 375 Calories! ğŸ”¥,1 year,1920,24284
40 Minute Beach Boot Camp Workout ğŸ”¥Burn 550 Calories! ğŸ”¥,1 year,2460,19599
40 Minute Upper Body and Cardio Workout ğŸ”¥Burn 475 Calories!ğŸ”¥,1 year,2520,21402
20 Minute Towel Deep Stretch,1 year,1320,3888
30 Minute Sliders Workout ğŸ”¥Burn 400 Calories! ğŸ”¥,1 year,1920,42169
40 Minute Full Body Plyo Box Workout ğŸ”¥Burn 450 Calories!ğŸ”¥,1 year,2580,6523
40 Minute Abs and Glutes Workout ğŸ”¥Burn 450 Calories! ğŸ”¥,1 year,2460,22767
30 Minute Fat Burning HIIT Workout ğŸ”¥Burn 405 Calories!ğŸ”¥,1 year,1980,72295
40 Minute Full Body Strength Workout ğŸ”¥Burn 385 Calories ğŸ”¥,1 year,2520,8783
50 Minute Pilates and Cardio Workout ğŸ”¥Burn 440 Calories!ğŸ”¥,1 year,3120,10790
20 Minute Rest Day Deep Stretch,1 year,1320,7931
50 Minute Full Body Alphabet Workout ğŸ”¥Burn 400 Calories! ğŸ”¥,1 year,3120,8076
40 Minute HIIT Boot Camp Workout ğŸ”¥Burn 585 Calories! ğŸ”¥,1 year,2580,30030
Medicine Ball Legs &amp; Abs Workout ğŸ”¥Burn 415 Calories! ğŸ”¥,1 year,3060,12180
50 Minute At Home Agility Workout ğŸ”¥Burn 615 Calories ğŸ”¥,1 year,3180,21393
30 Minute Upper Body Workout Challenge ğŸ”¥Burn 300 Calories! ğŸ”¥,1 year,1920,19989
40 Minute Full Body HIIT Workout ğŸ”¥Burn 650 Calories! ğŸ”¥,1 year,2460,68657
20 Minute Full Body Deep Stretch Sydney Cummings,1 year,1260,3518
60 Minute Strength and Conditioning Boot Camp Workout ğŸ”¥Burn 705 Calories ğŸ”¥,1 year,3720,31607
30 Minute Ab Workout Burnout ğŸ”¥Burn 370 Calories ğŸ”¥,1 year,1920,134543
50 Minute Legs Workout with Dumbbells ğŸ”¥Burn 500 Calories ğŸ”¥,1 year,3060,20833
50 Minute Boxing Workout With Arms ğŸ”¥Burn 550 Calories ğŸ”¥,1 year,3120,11264
40 Minute Tabata Cardio Workout With Abs ğŸ”¥Burn 425 Calories! ğŸ”¥,1 year,2580,16018
40 Minute At Home Full Body Workout For Beginners &amp; Advanced Athletes ğŸ”¥ Burn 425 Calories! ğŸ”¥,1 year,2520,9243
20 Minute Deep Stretch Yoga | Sydney Cummings,1 year,1260,3541
60 Minute Full Body Boot Camp Workout ğŸ”¥Burn 670 Calories! ğŸ”¥,1 year,3720,25256
50 Minute Full Body Workout ğŸ”¥Burn 550 Calories! ğŸ”¥,1 year,3120,13484
40 Minute Toned Arms Workout ğŸ”¥Burn 405 Calories! ğŸ”¥,1 year,2460,22061
50 Minute At Home Fat Burning Plyo Workout ğŸ”¥Burn 700 Calories! ğŸ”¥,1 year,3180,110261
30 Minute At Home Total Body Strength Workout ğŸ”¥Burn 350 Calories! ğŸ”¥,1 year,1920,28177
At Home Murph Workout ğŸ”¥Burn 620 Calories! ğŸ”¥,1 year,2940,18108
20 Minute Full Body Deep Stretch | Sydney Cummings,1 year,1260,14718
40 Minute Total Body Boot Camp Workout ğŸ”¥Burn 500 Calories! ğŸ”¥,1 year,2520,17251
40 Minute HIIT Cardio Kickboxing and Abs Workout ğŸ”¥Burn 500 Calories! ğŸ”¥,1 year,2520,25757
30 Minute Butt and Thighs Burnout With Mini Band Workout ğŸ”¥Burn 300 Calories! ğŸ”¥,1 year,1920,1298735
Which Is Healthier? White Rice or Brown Rice | Sydney Cummings,1 year,112,3742
60 Minute Athletic Agility HIIT Workout ğŸ”¥Burn 700 Calories! ğŸ”¥,1 year,3600,19746
50 Minute HIIT Abs &amp; Arms Workout ğŸ”¥Burn 480 Calories! ğŸ”¥,1 year,3060,12880
40 Minute Total Body HIIT Workout ğŸ”¥Burn 500 Calories! ğŸ”¥,1 year,2460,22988
20 Minute Total Body Deep Stretch,1 year,1260,2616
40 Minute Total Body Boot Camp Workout ğŸ”¥Burn 400 Calories! ğŸ”¥,1 year,2520,8395
30 Minute Shoulders and Cardio Workout ğŸ”¥Burn 400 Calories! ğŸ”¥,1 year,1920,10681
"60 Minute Butt, Hamstrings, and Abs Workout ğŸ”¥Burn 625 Calories! ğŸ”¥",1 year,3720,30694
"50 Minute Back, Biceps, and Cardio Workout ğŸ”¥Burn 580 Calories! ğŸ”¥",1 year,3120,14175
Q&amp;A How Do I Start Seeing Ab Results | Sydney Cummings,1 year,86,8362
60 Minute Kickboxing Legs and Abs Workout ğŸ”¥Burn 600 Calories! ğŸ”¥,1 year,3720,19656
"40 Minute HIIT Cardio, Chest, &amp; Triceps Workout ğŸ”¥Burn 480 Calories! ğŸ”¥",1 year,2520,13869
"20 Minute Deep Stretch: Hamstrings, Glutes, and Back",1 year,1260,4909
40 Minute Total Body AMRAP Workout ğŸ”¥Burn 450 Calories! ğŸ”¥,1 year,2580,11329
How To Get Rid Of Lower Back Pain | Sydney Cummings and Dr. Matt Crandall,1 year,518,4321
50 Minute HIIT Workout ğŸ”¥Burn 675 Calories! ğŸ”¥,1 year,3120,33498
40 Minute Total Body EMOM Workout ğŸ”¥Burn 385 Calories! ğŸ”¥,1 year,2580,9395
60 Minute Total Body Tabata Workout ğŸ”¥Burn 777 Calories! ğŸ”¥,1 year,3840,53723
40 Minute Strength and Cardio Total Body Circuit Workout ğŸ”¥Burn 485 Calories! ğŸ”¥,1 year,2520,19045
20 Minute Shoulders And Hips Deep Stretch,1 year,1260,3050
50 Minute Bodyweight Boot Camp ğŸ”¥Burn 650 Calories! ğŸ”¥,1 year,3120,20287
30 Minute Total Body Kettlebell Workout ğŸ”¥Burn 300 Calories! ğŸ”¥,1 year,1860,35065
50 Minute Legs &amp; Towel Abs Workout ğŸ”¥Burn 500 Calories! ğŸ”¥,1 year,3120,9851
40 Minute Pilates and Cardio Workout ğŸ”¥Burn 502 Calories!* ğŸ”¥,1 year,2580,39394
40 Minute Butt and Abs Workout ğŸ”¥Burn 405 Calories! ğŸ”¥,1 year,2580,18459
20 Minute Foam Roller Stretch,1 year,1380,5467
50 Minute Sports Boot Camp Workout ğŸ”¥Burn 660 Calories! ğŸ”¥,1 year,3180,18729
50 Minute Total Body Strength Circuit Workout ğŸ”¥Burn 625 Calories! ğŸ”¥,1 year,3180,54674
30 Minute HIIT Agility Workout ğŸ”¥Burn 400 Calories! ğŸ”¥,1 year,1920,71510
50 Minute Strength Training Workout ğŸ”¥Burn 550 Calories! ğŸ”¥,1 year,3120,19684
60 Minute Athletic Speed Workout ğŸ”¥Burn 660 Calories! ğŸ”¥,1 year,3720,26702
40 Minute Athlete Power Workout ğŸ”¥Burn 425 Calories! ğŸ”¥,1 year,2520,16663
20 Minute Resistance Band Stretch,1 year,1320,13144
60 Minute Athlete Boot Camp With Dumbbells Workout ğŸ”¥Burn Calories! ğŸ”¥,1 year,3780,45712
40 Minute Abs Strength Workout ğŸ”¥Burn 350 Calories! ğŸ”¥,1 year,2520,17483
50 Minute Tabata Strong Workout ğŸ”¥Burn 650 Calories! ğŸ”¥,1 year,3120,42893
60 Minute HIIT Cardio Strength Workout ğŸ”¥Burn 750 Calories! ğŸ”¥,1 year,3720,65964
40 Minute Upper Body and Abs Workout ğŸ”¥Burn 415 Calories! ğŸ”¥,1 year,2520,60894
20 Minute Deep Stretch On The Mat,1 year,1260,9275
40 Minute Full Body 500 Rep Countdown Workout ğŸ”¥Burn 450 Calories! ğŸ”¥,1 year,2460,24447
50 Minute Core and Kickboxing Workout ğŸ”¥Burn 625 Calories! ğŸ”¥,1 year,3120,35023
30 Minute HIIT Boot Camp Workout ğŸ”¥Burn 370 Calories! ğŸ”¥,1 year,1860,11714
60 Minute Strength and Conditioning Workout ğŸ”¥Burn 750 Calories! ğŸ”¥,1 year,3720,50676
50 Minute Total Body Toning Workout ğŸ”¥Burn 530 Calories! ğŸ”¥,1 year,3120,13534
20 Minute Yoga Flow Deep Stretch,1 year,1380,3082
40 Minute Total Body Strength Workout ğŸ”¥Burn 450 Calories! ğŸ”¥,1 year,2460,21106
50 Minute Kickboxing and Abs Workout ğŸ”¥Burn 550 Calories! ğŸ”¥,1 year,3060,10720
50 Minute Total Body Circuit Workout ğŸ”¥Burn 650 Calories! ğŸ”¥,1 year,3060,39165
"30 Minute Abs, Thighs, and Butt Workout ğŸ”¥Burn 300 Calories! ğŸ”¥",1 year,1920,55219
40 Minute Total Body Bootcamp ğŸ”¥Burn 672 Calories! ğŸ”¥,1 year,2460,83850
20 Minute Total Body Deep Stretch,1 year,1260,3598
30 Minute HIIT Boxing Workout ğŸ”¥Burn 465 Calories! ğŸ”¥,1 year,1920,42791
50 Minute Full Body HIIT Workout ğŸ”¥Burn 690 Calories! ğŸ”¥,1 year,3120,39984
30 Minute Fast Burn HIIT Workout ğŸ”¥Burn 350 Calories! ğŸ”¥,1 year,1860,13816
40 Minute Power Pilates Workout ğŸ”¥Burn 400 Calories! ğŸ”¥,1 year,2520,41612
60 Minute Total Body HIIT Workout With Dumbbells ğŸ”¥Burn 770 Calories! ğŸ”¥,1 year,3600,95026
30 Minute High Energy HIIT Workout ğŸ”¥Burn 432 Calories! ğŸ”¥,1 year,1860,29986
25 Minute Stretch Flow Sydney Cummings,1 year,1560,5006
50 Minute Total Body Bootcamp Workout ğŸ”¥Burn 475 Calories! ğŸ”¥,1 year,3060,8465
30 Minute HIIT Upper Body and Cardio Circuit Workout ğŸ”¥Burn 455 Calories! ğŸ”¥,1 year,1860,64947
40 Minute Athlete HIIT Workout ğŸ”¥Burn 475 Calories! ğŸ”¥,1 year,2460,15107
50 Minute Total Body Strength Circuit Workout ğŸ”¥Burn 570 Calories! ğŸ”¥,1 year,3060,15330
60 Minute HIIT With Abs Workout ğŸ”¥Burn 675 Calories! ğŸ”¥,1 year,3600,21330
30 Minute Total Body HIIT Workout with Dumbbells ğŸ”¥Burn 685 Calories! ğŸ”¥,1 year,1860,288407
20 Minute Total Body Deep Stretch,1 year,1320,3592
40 Minute HIIT Bootcamp Workout ğŸ”¥Burn 510 Calories! ğŸ”¥,1 year,2460,25507
50 Minute Total Body Strength Workout ğŸ”¥Burn 475 Calories! ğŸ”¥,1 year,3120,6227
40 Minute Fat Burning HIIT Workout ğŸ”¥Burn 650 Calories! ğŸ”¥,1 year,2460,600979
50 Minute HIIT Burn With Dumbbells ğŸ”¥Burn 525 Calories! ğŸ”¥,1 year,3000,12805
60 Minute Strength and Conditioning Workout ğŸ”¥Burn 810 Calories! ğŸ”¥,1 year,3600,74229
40 Minute Legs and Abs Workout ğŸ”¥Burn 415 Calories! ğŸ”¥,1 year,2460,19584
20 Minute Deep Stretch,1 year,1260,4721
40 Minute HIIT Total Body Strength Workout ğŸ”¥Burn 485 Calories! ğŸ”¥,1 year,2460,15977
30 Minute Kickboxing Cardio Workout,1 year,1860,38333
50 Minute HIIT Bootcamp Workout ğŸ”¥Burn 750 Calories! ğŸ”¥,1 year,3060,117915
40 Minute Total Body Shred Workout ğŸ”¥Burn 400 Calories! ğŸ”¥,1 year,2460,11289
60 Minute HIIT Workout ğŸ”¥Burn 775 Calories! ğŸ”¥,1 year,3600,139084
50 Minute HIIT Fat Burning Workout ğŸ”¥Burn 620 Calories! ğŸ”¥,1 year,3060,33394
25 Minute Deep Stretch and Mobility | Sydney Cummings,1 year,1620,4134
40 Minute Total Body HIIT Workout ğŸ”¥Burn 450 Calories! ğŸ”¥,1 year,2460,7934
45 Minute HIIT Strength Workout ğŸ”¥Burn 510 Calories! ğŸ”¥,1 year,2760,28080
40 Minute Total Body Burnout Workout ğŸ”¥Burn 480 Calories! ğŸ”¥,1 year,2460,13417
40 Minute HIIT Workout ğŸ”¥Burn 580 Calories! ğŸ”¥,1 year,2520,36412
40 Minute Live Stream HIIT Workout!!,1 year,2520,2814
30 Minute HIIT Athlete Workout ğŸ”¥Burn 410 Calories! ğŸ”¥,1 year,1860,42130
30 Minute Dynamic Explosive Workout,1 year,1860,14516
Sydney Cummings Live Stream Full Body Workout With Dumbbells!!,1 year,1920,2306
30 Minute HIIT Strength and Conditioning Workout ğŸ”¥Burn 450 Calories! ğŸ”¥,1 year,1860,85119
30 Minute Abs and Butt Workout Sydney Cummings,1 year,1860,46179
32 Minute HIIT Boxing Workout ğŸ”¥Burn 400 Calories! ğŸ”¥,1 year,1980,24672
Sydney Cummings Live Stream HIIT Workout!!,1 year,236,526
Sydney Cummings Live Stream HIIT Workout!!,1 year,1740,2149
30 Minute HIIT Strength Workout ğŸ”¥Burn 450 Calories! ğŸ”¥,1 year,1860,33457
How To Do Bench Press,1 year,23,271
How To Do Push Ups,1 year,33,228
How To Do Jackknives,1 year,23,160
How To Do A Backsquat,1 year,24,226
How To Do Cable Tricep Push Downs,1 year,22,119
How To Do Dumbbell Overhead Tricep Extensions,1 year,26,114
How To Do Upright Rows,1 year,32,165
How To Do Walking Dumbbell Lunges,1 year,30,128
How To Do Calf Raises,1 year,34,163
How To Do Straight Arm Sit Ups,1 year,25,628
How To Do Tricep Dips,1 year,24,114
How To Do A Shoulder Press,1 year,27,126
How To Deadlift,1 year,44,225
How To Do Russian Twists,1 year,24,103
How To Do A Squat To Lunge,1 year,28,217
How To Do Heel Taps,1 year,24,6166
How To Do Cable Chest Fly,1 year,22,148
How To Do Single Arm Dumbbell Row,1 year,31,194
How To Do Arch Drops,1 year,30,249
How To Do Dumbbell Back Fly,1 year,27,224
How To Do Hammer Curls,1 year,30,183
How To Do Bicep Curls,1 year,30,134
How To Do Seated Cable Rows,1 year,40,125
How To Do Chest Level Bicep Curls,1 year,31,159
How To Do V Flutters With Clap,1 year,25,240
How To Do Plank Jacks,1 year,25,334
How To Do Pop Squats,1 year,32,430
How To Do High Knees,1 year,36,245
How To Do Curtsy Lunges,1 year,49,265
How To Do Hip Taps,1 year,29,313
How To Do Ski Jumps,1 year,36,1466
How To Do Broad Jumps,1 year,23,82
How To Do Tricep Kickbacks,1 year,29,73
How To Do Shoulder Side Raises,1 year,38,73
How To Do Mountain Climbers,1 year,25,168
How To Do Alternating Dumbbell Bent Rows,1 year,42,95
How To Do Dumbbell Chest Fly,1 year,36,74
How To Do A Hollow Hold,1 year,28,134
How To Do Cable Cross Over Back Fly,1 year,33,230
How To Do Curl and Press,1 year,38,79
How To Do Barbell Pull Ups,1 year,26,163
How To Do A Plank,1 year,36,162
How To Do Burpees,1 year,39,214
How To Do Front Squats,1 year,48,99
How To Do Plyo Step Ups,1 year,36,376
How To Do Barbell Hip Thrusts,1 year,64,114
How To Do V Flutters,1 year,37,92
How To Do Step Ups,1 year,53,99
How To Do Cable Chest Press,1 year,28,87
How To Do Romanian Deadlifts,1 year,45,162
How To Do Glute Bridges,1 year,45,135
30 Minute HIIT Workout With Abs ğŸ”¥Burn 480 Calories! ğŸ”¥,1 year,1860,57134
30 Minute Full Body Partner Workout ğŸ”¥Burn 460 Calories! ğŸ”¥,1 year,1860,13821
34 Minute Total Body HIIT Workout with Dumbbells ğŸ”¥Burn 430 Calories! ğŸ”¥,1 year,2100,20705
How To Do Squat Jumps,1 year,25,105
How To Do Plate Overhead Curtsy Lunges,1 year,50,671
How To Do Reverse Lunges,1 year,28,134
30 Minute Workout For Beginners ğŸ”¥Burn 285 Calories! ğŸ”¥,1 year,1860,18515
30 Minute Total Body HIIT ğŸ”¥Burn 430 Calories! ğŸ”¥,1 year,1860,59741
30 Minute Abs Workout With Sydney Cummings | Burn 350 Calories!,1 year,1920,60328
30 Minute HIIT Tabata Workout Sydney Cummings,1 year,1860,75863
30 Minute HIIT Workout ğŸ”¥Burn 500 Calories! ğŸ”¥,1 year,1860,197591
5 Minute Six Pack Abs Workout With Beautiful Charlotte Rooftop View,1 year,357,4973
Fitness Q&amp;A Is It Better To Eat No Breakfast Or Pizza,1 year,138,4926
21 Minute HIIT Workout,1 year,1320,27207
10 Minute High Butt Workout,1 year,660,8203
10 Minute Abs Burnout Workout with Sydney Cummings,1 year,660,25883
12 Minute Deep Stretch Sydney Cummings,1 year,780,19847
15 Minute Full Body Friday,1 year,1020,8183
10 Minute 120 Calorie Burning HIIT Workout,1 year,660,16533
Sydney Cummings 30 Day Transformation Program,1 year,46,6688
14 Minute Legs Workout With A Kettlebell or Dumbbell,1 year,900,4340
15 Minute Back &amp; Butt Workout,2 years,960,3332
10 Minute Abs Tabata,2 years,600,18641
How To Do Squat Tap Downs,2 years,29,324
How To Do Leg Raises,2 years,31,183
How To Do Barbell Bent Row,2 years,33,284
Full Body Tabata,2 years,1140,5068
The Best Upper Body Tabata Workout,2 years,1140,7271
6 Minute Six Pack Abs,2 years,436,10093
Royal Change Week 4 Free Workout,2 years,1440,3784
30 Day Transformation Program,2 years,46,630
Upper Body Dumbbell Supersets,2 years,1440,13660
10 Minute Core Workout,2 years,720,4456
10 Minute Total Body Workout,2 years,720,2671
10 Minute Full Body Kettlebell Workout,2 years,840,2340
10 Minute Kettlebell Butt Workout,2 years,840,5220
10 Minute Chair Workout,2 years,720,1484
5 minute Medicine Ball Full Body Workout,2 years,394,758
10 Minute Full Body Supersets Bodyweight Workout,2 years,840,3068
10 Minute Arms Supersets with Dumbbells,2 years,720,15470
10 Minute Leg Superset Workout with Dumbbells,2 years,840,8200
10 Minute Cardio Supersets with Dumbbells Workout,2 years,840,5024
10 Minute Full Body With Dumbbells,2 years,600,5408
10 Minute Shoulders &amp; Triceps Workout,2 years,660,9048
10 Minute Back And Biceps At Home Workout,2 years,600,10020
10 minute arms and legs,2 years,660,1438
10 Minute Abs and Butt At Home Workout,2 years,600,10620
10 Minute Full Body HIIT,2 years,600,11851
10 Minute Arms At Home Workout,2 years,660,10156
10 Minute Butt Workout With Dumbbells,2 years,660,17241
10 Minute Butt Workout,2 years,600,7392
10 Minute Abs,2 years,600,40901
5 Minute Full Body Workout #3,2 years,351,2083
5 Minute Abs &amp; Cardio At Home Workout,2 years,352,3951
5 Minute Fat Burning Agility Workout,2 years,351,3904
5 Minute Butt &amp; Thighs,2 years,355,6802
5 Minute Abs (w/ Mini Bands),2 years,360,12929
5 Minute Full Body #2 (with dumbbells),2 years,350,3037
5 Minute Fat Burning Cardio,2 years,344,5541
5 Minute Arms,2 years,351,3562
5 Minute Back (with resistance bands),2 years,361,2023
5 Minute Leg Workout,2 years,347,3348
5 Minute Full Body #1,2 years,353,2032
5 Minute Glutes,2 years,353,4424
5 Minute Abs,2 years,349,9270
